Production Date,State,Other,Sales,Waste,Total_Production,Waste_Ratio,Sales_Ratio
2015-01-01,AK,130651.0,1171752.0,2367.0,1304770.0,0.0018141128320076248,0.8980525302621878
2015-02-01,AK,126843.0,1060499.0,3259.0,1190601.0,0.0027372730240662257,0.8907257762347985
2015-03-01,AK,132499.0,1146487.0,3332.0,1282318.0,0.002598419424620225,0.8940738568050924
2015-04-01,AK,125015.0,1145905.0,2807.0,1273727.0,0.0022037689393250067,0.8996472555814827
2015-05-01,AK,123139.0,1447433.0,3901.0,1574473.0,0.0024776544277051653,0.919312684249313
2015-06-01,AK,120490.0,1272307.0,3444.0,1396241.0,0.0024666228822626877,0.9112373866036567
2015-07-01,AK,128332.0,1303922.0,2114.0,1434368.0,0.0014738198285604656,0.9090568110199714
2015-08-01,AK,129460.0,1289624.0,3047.0,1422131.0,0.002142559299941949,0.9068250392610226
2015-09-01,AK,130590.0,1345844.0,4129.0,1480563.0,0.002788803988564566,0.9090082623360837
2015-10-01,AK,124924.0,1233483.0,5755.0,1364162.0,0.0042187071620365686,0.9042056587924157
2015-11-01,AK,128764.0,1306445.0,3965.0,1439174.0,0.0027550525507857248,0.9077741815160797
2015-12-01,AK,143998.0,1330566.0,1450.0,1476014.0,0.0009823755058568295,0.9014589291902747
2016-01-01,AK,133197.0,1108561.0,3574.0,1245332.0,0.0028699174193813444,0.8901730622123117
2016-02-01,AK,135299.0,941306.0,2844.0,1079449.0,0.002634677506520949,0.8720245235419158
2016-03-01,AK,149148.0,963385.0,1755.0,1114288.0,0.0015749967690960507,0.8645745084875207
2016-04-01,AK,142523.0,1034801.0,4632.0,1181956.0,0.00391892760780275,0.8754987494563673
2016-05-01,AK,127567.0,1071820.0,2847.0,1202234.0,0.002368091402974122,0.8915236134653051
2016-06-01,AK,104055.0,948474.0,1257.0,1053786.0,0.0011928418102733532,0.9000632006023933
2016-07-01,AK,99457.0,1016654.0,3726.0,1119837.0,0.003327269950597518,0.9078589115283867
2016-08-01,AK,110740.0,1016058.0,6733.0,1133531.0,0.005939846373329018,0.896365427950681
2016-09-01,AK,120093.0,1026862.0,5046.0,1152001.0,0.004380204530692229,0.8913724900506707
2016-10-01,AK,132758.0,1222506.0,6336.0,1361600.0,0.004653349000833332,0.8978451820727199
2016-11-01,AK,141251.0,1307514.0,1501.0,1450266.0,0.0010349825479577552,0.9015684018723759
2016-12-01,AK,144267.0,1422407.0,2103.0,1568777.0,0.0013405346966878953,0.9066980201197048
2017-01-01,AK,138353.0,1277051.0,5074.0,1420478.0,0.0035720370182732828,0.8990290591688833
2017-02-01,AK,117751.0,1153583.0,2366.0,1273700.0,0.0018575802777845976,0.9056944334689727
2017-03-01,AK,130739.0,1152379.0,2100.0,1285218.0,0.0016339640433269715,0.896640881088139
2017-04-01,AK,121954.0,1298699.0,1771.0,1422424.0,0.0012450577323466802,0.9130181998536991
2017-05-01,AK,120428.0,1257438.0,1559.0,1379425.0,0.00113018105361798,0.9115667759456609
2017-06-01,AK,148224.0,1100660.0,2162.0,1251046.0,0.0017281538806943825,0.8797917901596111
2017-07-01,AK,150850.0,1156301.0,1798.0,1308949.0,0.0013736211264630156,0.8833812470246448
2017-08-01,AK,167870.0,1158867.0,2936.0,1329673.0,0.0022080616811646124,0.8715428529516999
2017-09-01,AK,157713.0,1097220.0,4765.0,1259698.0,0.003782652667243843,0.8710182916166399
2017-10-01,AK,191531.0,1080275.0,2801.0,1274607.0,0.0021975401043460813,0.8475357501686765
2017-11-01,AK,172248.0,1234800.0,1524.0,1408572.0,0.001081946822662814,0.8766325043464848
2017-12-01,AK,169922.0,1255553.0,2601.0,1428076.0,0.0018213316376844556,0.8791920037253484
2018-01-01,AK,170933.0,1232880.0,1827.0,1405640.0,0.0012997638085640872,0.8770951309811121
2018-02-01,AK,147713.0,1023930.0,1512.0,1173155.0,0.001288832251382909,0.8728002692847237
2018-03-01,AK,160716.0,1021156.0,1198.0,1183070.0,0.001012619709652631,0.8631408115442754
2018-04-01,AK,154309.0,924269.0,2489.0,1081067.0,0.00230235498796075,0.8549599607744053
2018-05-01,AK,146530.0,1054367.0,1381.0,1202278.0,0.0011486528073250402,0.8769743769014342
2018-06-01,AK,140811.0,1033518.0,2496.0,1176825.0,0.0021209610603003027,0.8782257344228559
2018-07-01,AK,142173.0,1143686.0,1883.0,1287742.0,0.0014622494256254551,0.8881328712670602
2018-08-01,AK,143586.0,1092702.0,3250.0,1239538.0,0.0026219446275449446,0.8815397348946511
2018-09-01,AK,142138.0,1008212.0,3480.0,1153830.0,0.00301604222432975,0.8737959664011339
2018-10-01,AK,198843.0,1061275.0,3997.0,1264115.0,0.0031618958715653326,0.8395399152102823
2018-11-01,AK,208710.0,1312145.0,4797.0,1525652.0,0.003144229483319641,0.8600552418991975
2018-12-01,AK,297564.0,1510108.0,4126.0,1811798.0,0.002277295813204491,0.8334858521295704
2019-01-01,AK,278999.0,1442569.0,5834.0,1727402.0,0.0033773261809713472,0.8351090249498895
2019-02-01,AK,238233.0,1429249.0,2180.0,1669662.0,0.0013056534794883244,0.8560109770207376
2019-03-01,AK,249876.0,1575782.0,2933.0,1828591.0,0.0016039672074507657,0.8617465578217465
2019-04-01,AK,249673.0,1318634.0,5102.0,1573409.0,0.003242640660931605,0.8380745247524277
2019-05-01,AK,259991.0,1189507.0,3569.0,1453067.0,0.002456184057413995,0.8186181366159565
2019-06-01,AK,235422.0,1118670.0,7723.0,1361815.0,0.0056711080428934095,0.8214551902555446
2019-07-01,AK,242302.0,1235682.0,4646.0,1482630.0,0.0031336206603715276,0.833439226183644
2019-08-01,AK,240217.0,1129351.0,2368.0,1371936.0,0.0017260280361674283,0.8231805273115378
2019-09-01,AK,268314.0,1327188.0,2183.0,1597685.0,0.001366351940378338,0.8306944109238871
2019-10-01,AK,237083.0,1513286.0,1786.0,1752155.0,0.001019316213404675,0.8636713075690409
2019-11-01,AK,221091.0,1565725.0,684.0,1787500.0,0.00038265734263593526,0.8759300698810668
2019-12-01,AK,188444.0,1481646.0,4466.0,1674556.0,0.0026669756041203174,0.884799313914566
2020-01-01,AK,191544.0,1551332.0,1348.0,1744224.0,0.0007728365163664279,0.8894109930324654
2020-02-01,AK,190655.0,1382431.0,1428.0,1574514.0,0.0009069465243937528,0.8780048954230953
2020-03-01,AK,214006.0,1431481.0,1739.0,1647226.0,0.0010557142735085705,0.8690252581692478
2020-04-01,AK,188940.0,1299706.0,1645.0,1490291.0,0.001103811269000228,0.8721155800530154
2020-05-01,AK,181185.0,1258409.0,3050.0,1442644.0,0.002114173697591771,0.872293511020578
2020-06-01,AK,166652.0,1001571.0,1530.0,1169753.0,0.0013079684342499683,0.8562243481439051
2020-07-01,AK,166921.0,1076345.0,1995.0,1245261.0,0.0016020737819941301,0.864352934777179
2020-08-01,AK,158856.0,1154396.0,1485.0,1314737.0,0.0011295034671474596,0.8780432891994335
2020-09-01,AK,159488.0,1198718.0,2041.0,1360247.0,0.0015004627834870827,0.8812502434571625
2020-10-01,AK,221536.0,1173583.0,2604.0,1397723.0,0.0018630300852269706,0.8396391845280045
2020-11-01,AK,228303.0,1177117.0,8374.0,1413794.0,0.005923069414219959,0.832594423173914
2020-12-01,AK,198199.0,1187876.0,1388.0,1387463.0,0.001000387037275921,0.8561496774432075
2021-01-01,AK,182907.0,1044528.0,1037.0,1228472.0,0.0008441380836645737,0.8502660214599709
2021-02-01,AK,169489.0,951598.0,934.0,1122021.0,0.0008324264874870946,0.8481106859097903
2021-03-01,AK,198161.0,1059517.0,1668.0,1259346.0,0.001324497000719064,0.8413231946707797
2021-04-01,AK,204827.0,974412.0,1528.0,1180767.0,0.0012940741059587475,0.8252364775755727
2021-05-01,AK,206523.0,1025418.0,1666.0,1233607.0,0.0013505111432287177,0.8312355555025842
2021-06-01,AK,200469.0,931022.0,1805.0,1133296.0,0.0015926995240790843,0.8215170616660151
2021-07-01,AK,148801.0,899812.0,2513.0,1051126.0,0.0023907695174136333,0.8560458022296046
2021-08-01,AK,179127.0,805355.0,3601.0,988083.0,0.0036444306800497094,0.8150681672678238
2021-09-01,AK,177180.0,680980.0,1373.0,859533.0,0.001597379041689222,0.7922674288488903
2021-10-01,AK,187324.0,870419.0,3147.0,1060890.0,0.0029663772867152692,0.8204611221879308
2021-11-01,AK,196342.0,738470.0,93449.0,1028261.0,0.0908806227124358,0.7181736931850792
2021-12-01,AK,382897.0,762661.0,92768.0,1238326.0,0.07491403716994442,0.615880632352395
2022-01-01,AK,855807.0,821569.0,3526.0,1680902.0,0.0020976832675493463,0.48876674544448356
2022-02-01,AK,1398044.0,735640.0,7427.0,2141111.0,0.003468759909996784,0.3435786374296532
2022-03-01,AK,2000556.0,777544.0,6456.0,2784556.0,0.002318502482897866,0.2792344632221714
2022-04-01,AK,2426277.0,799027.0,11270.0,3236574.0,0.003482077035671606,0.24687431833021972
2022-05-01,AK,3155820.0,948763.0,16213.0,4120796.0,0.003934434026728466,0.23023779871097144
2022-06-01,AK,147588.0,4023940.0,13976.0,4185504.0,0.003339143864076127,0.9613991528627999
2022-07-01,AK,3150378.0,812681.0,12148.0,3975207.0,0.0030559414892594038,0.20443740413506928
2022-08-01,AK,2852448.0,758469.0,20145.0,3631062.0,0.005547963653455988,0.20888351671745392
2022-09-01,AK,3196505.0,742316.0,9816.0,3948637.0,0.002485921091189544,0.18799297073425608
2022-10-01,AK,2892465.0,702757.0,12177.0,3607399.0,0.0033755622817610263,0.19480988933592294
2022-11-01,AK,2631253.0,681030.0,7163.0,3319446.0,0.0021578902020952325,0.20516375322252076
2022-12-01,AK,2186032.0,694231.0,12394.0,2892657.0,0.004284642112622249,0.23999769069613172
2023-01-01,AK,2445524.0,721450.0,9396.0,3176370.0,0.0029580936728731827,0.22713034060178347
2023-02-01,AK,2320221.0,644397.0,11651.0,2976269.0,0.003914632716198884,0.216511679548572
2023-03-01,AK,1861698.0,591950.0,27712.0,2481360.0,0.011168069122933872,0.23855869361001394
2023-04-01,AK,117030.0,738184.0,2171.0,857385.0,0.0025321180097001793,0.8609714421338173
2023-05-01,AK,123859.0,776243.0,1834.0,901936.0,0.0020334037002588427,0.86064088794985
2023-06-01,AK,111944.0,726637.0,1318.0,839899.0,0.0015692363008445974,0.8651480712722426
2023-07-01,AK,96748.0,733063.0,1822.0,831633.0,0.0021908702513980484,0.8814741597698175
2023-08-01,AK,93381.0,739554.0,3288.0,836223.0,0.003931965515905212,0.8843980611769352
2023-09-01,AK,81226.0,841462.0,5293.0,927981.0,0.005703780572478986,0.9067664099904237
2023-10-01,AK,94071.0,976520.0,4265.0,1074856.0,0.003967973383972553,0.9085123959945786
2023-11-01,AK,103022.0,894586.0,3408.0,1001016.0,0.003404540986017752,0.8936780230392244
2023-12-01,AK,112999.0,867556.0,4248.0,984803.0,0.004313553065505126,0.8809437013411877
2024-01-01,AK,107792.0,899836.0,3001.0,1010629.0,0.0029694378448501444,0.8903722334417109
2024-02-01,AK,99580.0,782483.0,1790.0,883853.0,0.0020252236512151656,0.885308982275864
2024-03-01,AK,98296.0,932787.0,1822.0,1032905.0,0.0017639569949062155,0.903071434362011
2024-04-01,AK,105348.0,889842.0,1406.0,996596.0,0.0014108023711302473,0.8928813680876824
2024-05-01,AK,105426.0,942440.0,1574.0,1049440.0,0.0014998475375914918,0.8980408598016045
2024-06-01,AK,89789.0,882258.0,1961.0,974008.0,0.0020133304857851957,0.9058015949657702
2024-07-01,AK,100226.0,807708.0,1249.0,909183.0,0.0013737608378760096,0.8883888061162177
2024-08-01,AK,103648.0,740140.0,1856.0,845644.0,0.0021947769980991084,0.8752382798346304
2024-09-01,AK,100098.0,771152.0,1567.0,872817.0,0.0017953362501194024,0.8835208295801388
2024-10-01,AK,107440.0,768356.0,3093.0,878889.0,0.003519215736740451,0.8742355404522943
2024-11-01,AK,103445.0,684584.0,1240.0,789269.0,0.0015710739935850676,0.8673646119551934
2024-12-01,AK,103960.0,742194.0,1422.0,847576.0,0.0016777256550825266,0.8756666067850357
2025-01-01,AK,100896.0,884551.0,1291.0,986738.0,0.0013083513555464216,0.8964395816420936
2025-02-01,AK,97850.0,798352.0,1185.0,897387.0,0.0013205005196954603,0.8896407011813587
2025-03-01,AK,89734.0,839492.0,1092.0,930318.0,0.001173792187061436,0.9023710171250723
2025-04-01,AK,93600.0,816689.0,1817.0,912106.0,0.0019920930240572817,0.8953882552142637
2025-05-01,AK,66788.0,724493.0,1010.0,792291.0,0.0012747841384952267,0.9144279057928933
2015-01-01,AL,1185035.0,31860.0,64.0,1216959.0,5.2590103688572075e-05,0.026180010992467286
2015-02-01,AL,1107410.0,29494.0,11.0,1136915.0,9.675305540900128e-06,0.025942132874846216
2015-03-01,AL,1237860.0,32901.0,0.0,1270761.0,0.0,0.025890785125929204
2015-04-01,AL,1186195.0,31758.0,0.0,1217953.0,0.0,0.026074897797692117
2015-05-01,AL,848745.0,35674.0,14.0,884433.0,1.5829350553876966e-05,0.04033544654707192
2015-06-01,AL,1080344.0,33335.0,229.0,1113908.0,0.0002055825076931324,0.029926169842578905
2015-07-01,AL,1198163.0,33692.0,300.0,1232155.0,0.0002434758613775478,0.0273439624051078
2015-08-01,AL,1213473.0,33467.0,524.0,1247464.0,0.00042005220187355685,0.02682802870248536
2015-09-01,AL,1154121.0,31953.0,564.0,1186638.0,0.00047529238061858015,0.026927335882811158
2015-10-01,AL,1185640.0,33079.0,583.0,1219302.0,0.0004781424125870258,0.027129456030816856
2015-11-01,AL,1144264.0,31422.0,562.0,1176248.0,0.00047779039790267095,0.026713754240031543
2015-12-01,AL,983384.0,32147.0,589.0,1016120.0,0.0005796559460910468,0.031637011373495554
2016-01-01,AL,1114036.0,30479.0,572.0,1145087.0,0.0004995253635313714,0.02661719152984732
2016-02-01,AL,1095313.0,28638.0,884.0,1124835.0,0.0007858930420207502,0.025459734092070415
2016-03-01,AL,1181685.0,29195.0,859.0,1211739.0,0.0007088985333715513,0.024093472272156503
2016-04-01,AL,1084439.0,28789.0,1679.0,1114907.0,0.00150595520509729,0.025821884692999335
2016-05-01,AL,1159018.0,30792.0,1716.0,1191526.0,0.001440170000365903,0.025842491055516833
2016-06-01,AL,1085792.0,30635.0,1570.0,1117997.0,0.0014042971491511785,0.027401683544105958
2016-07-01,AL,1094339.0,30319.0,1482.0,1126140.0,0.0013159997867657662,0.02692294030698466
2016-08-01,AL,1089727.0,30479.0,1307.0,1121513.0,0.0011653899686258303,0.027176680071726616
2016-09-01,AL,1067380.0,28557.0,1043.0,1096980.0,0.0009507921747934517,0.026032379804004413
2016-10-01,AL,1093140.0,30407.0,987.0,1124534.0,0.0008776968948135229,0.027039644863824513
2016-11-01,AL,1050784.0,29891.0,890.0,1081565.0,0.0008228816575219351,0.027636804073020407
2016-12-01,AL,1044151.0,29664.0,844.0,1074659.0,0.0007853654042086498,0.027603174585835766
2017-01-01,AL,1035666.0,28175.0,829.0,1064670.0,0.0007786450260852052,0.02646359904698511
2017-02-01,AL,957777.0,25325.0,21.0,983123.0,2.136050117621493e-05,0.02575974725179253
2017-03-01,AL,1017390.0,27101.0,906.0,1045397.0,0.0008666563993519538,0.02592412260357318
2017-04-01,AL,1004690.0,25724.0,813.0,1031227.0,0.0007883812195774179,0.024945041196075643
2017-05-01,AL,1036121.0,27885.0,836.0,1064842.0,0.0007850929996389048,0.026186983606376626
2017-06-01,AL,981267.0,26297.0,808.0,1008372.0,0.0008012915867555534,0.026078669377364836
2017-07-01,AL,685687.0,27407.0,838.0,713932.0,0.0011737812563137973,0.03838881013340363
2017-08-01,AL,643270.0,27115.0,836.0,671221.0,0.0012454914251423166,0.04039653109178698
2017-09-01,AL,891607.0,25425.0,809.0,917841.0,0.0008814162800657831,0.027700876292549487
2017-10-01,AL,877684.0,26459.0,839.0,904982.0,0.0009270902624663154,0.029237045595466315
2017-11-01,AL,936673.0,25693.0,81.0,962447.0,8.416047843838046e-05,0.026695495957003816
2017-12-01,AL,910784.0,26640.0,836.0,938260.0,0.0008910110203044987,0.028392982752286897
2018-01-01,AL,831887.0,24809.0,836.0,857532.0,0.0009748907328268928,0.028930698792706197
2018-02-01,AL,843102.0,22747.0,755.0,866604.0,0.0008712168417326464,0.026248436422374184
2018-03-01,AL,930145.0,25054.0,838.0,956037.0,0.0008765351130890818,0.026206098715195532
2018-04-01,AL,981601.0,24635.0,782.0,1007018.0,0.0007765501708235057,0.02446331644275839
2018-05-01,AL,834791.0,25564.0,85.0,860440.0,9.878666727502363e-05,0.029710380731984756
2018-06-01,AL,467602.0,24071.0,811.0,492484.0,0.0016467540058871448,0.04887671476659613
2018-07-01,AL,605087.0,25210.0,31.0,630328.0,4.918074398580093e-05,0.039995050189743274
2018-08-01,AL,938769.0,24922.0,839.0,964530.0,0.000869853711043736,0.025838491283232404
2018-09-01,AL,750204.0,24038.0,813.0,775055.0,0.0010489578157615966,0.03101457315532258
2018-10-01,AL,748560.0,25828.0,840.0,775228.0,0.001083552193537443,0.03331665006510128
2018-11-01,AL,861197.0,25178.0,809.0,887184.0,0.0009118739741798913,0.028379682227319285
2018-12-01,AL,923677.0,24556.0,836.0,949069.0,0.0008808632458882481,0.025873777351712705
2019-01-01,AL,911500.0,23171.0,836.0,935507.0,0.0008936330780107864,0.024768387620320492
2019-02-01,AL,842094.0,21148.0,0.0,863242.0,0.0,0.024498344609680908
2019-03-01,AL,828337.0,22654.0,0.0,850991.0,0.0,0.026620728065676287
2019-04-01,AL,833328.0,22587.0,2.0,855917.0,2.3366751679968183e-06,0.026389241009772066
2019-05-01,AL,878952.0,23918.0,2.0,902872.0,2.21515342128063e-06,0.02649101976509505
2019-06-01,AL,837268.0,23798.0,0.0,861066.0,0.0,0.027637834959499293
2019-07-01,AL,889249.0,23647.0,2.0,912898.0,2.190825261727945e-06,0.02590322248204036
2019-08-01,AL,843280.0,23835.0,0.0,867115.0,0.0,0.02748770347330081
2019-09-01,AL,790286.0,20204.0,4.0,810494.0,4.9352617039811205e-06,0.024928006866808638
2019-10-01,AL,644341.0,20127.0,0.0,664468.0,0.0,0.03029039772716062
2019-11-01,AL,806942.0,19437.0,0.0,826379.0,0.0,0.023520684816104878
2019-12-01,AL,784710.0,18818.0,0.0,803528.0,0.0,0.02341922123144194
2020-01-01,AL,767697.0,19911.0,0.0,787608.0,0.0,0.025280342502199023
2020-02-01,AL,714254.0,18730.0,4.0,732988.0,5.457115258986898e-06,0.025552942200206152
2020-03-01,AL,806937.0,18833.0,0.0,825770.0,0.0,0.02280659263199116
2020-04-01,AL,803157.0,17967.0,0.0,821124.0,0.0,0.021880982650381554
2020-05-01,AL,804892.0,18067.0,0.0,822959.0,0.0,0.02195370607503488
2020-06-01,AL,794896.0,18124.0,0.0,813020.0,0.0,0.022292194531217904
2020-07-01,AL,812305.0,18357.0,0.0,830662.0,0.0,0.022099241325340604
2020-08-01,AL,762044.0,17101.0,20.0,779165.0,2.5668504100457736e-05,0.021947854431096387
2020-09-01,AL,547110.0,17185.0,0.0,564295.0,0.0,0.030453929233742294
2020-10-01,AL,528369.0,18246.0,2.0,546617.0,3.65886900633188e-06,0.03337986194476574
2020-11-01,AL,771278.0,16747.0,0.0,788025.0,0.0,0.021251863834110356
2020-12-01,AL,764603.0,17132.0,0.0,781735.0,0.0,0.021915354944845075
2021-01-01,AL,299372.0,16364.0,54.0,315790.0,0.00017099971494632517,0.05181924695151232
2021-02-01,AL,511895.0,14703.0,168.0,526766.0,0.00031892718962140174,0.027911824220258747
2021-03-01,AL,513589.0,16604.0,168.0,530361.0,0.000316765372959783,0.03130697769419189
2021-04-01,AL,771283.0,15975.0,55.0,787313.0,6.985785830160841e-05,0.020290532479421714
2021-05-01,AL,725822.0,16131.0,494.0,742447.0,0.0006653673594660134,0.021726803391794055
2021-06-01,AL,756264.0,15733.0,147.0,772144.0,0.00019037899663917884,0.020375733021253065
2021-07-01,AL,758265.0,17284.0,234.0,775783.0,0.00030163073948492934,0.02227942607375008
2021-08-01,AL,613899.0,17324.0,164.0,631387.0,0.00025974560764479703,0.027438005529502825
2021-09-01,AL,590370.0,16716.0,0.0,607086.0,0.0,0.02753481384391424
2021-10-01,AL,632592.0,16662.0,0.0,649254.0,0.0,0.025663299721578412
2021-11-01,AL,734403.0,16666.0,142.0,751211.0,0.0001890281159103064,0.02218551112507864
2021-12-01,AL,761285.0,16217.0,53.0,777555.0,6.816238078744753e-05,0.020856402438302578
2022-01-01,AL,382063.0,15993.0,207.0,398263.0,0.0005197570448372665,0.0401568812467749
2022-02-01,AL,634978.0,14466.0,214.0,649658.0,0.0003294040864070936,0.022267100532546803
2022-03-01,AL,669462.0,15452.0,178.0,685092.0,0.0002598191191460681,0.022554634994635083
2022-04-01,AL,496114.0,15375.0,8070.0,519559.0,0.01553240343916044,0.02959240432182054
2022-05-01,AL,247028.0,16602.0,0.0,263630.0,0.0,0.06297462350150794
2022-06-01,AL,685671.0,16324.0,405.0,702400.0,0.0005765945329475236,0.023240318903297225
2022-07-01,AL,685205.0,17284.0,403.0,702892.0,0.000573345549448088,0.024589837411068866
2022-08-01,AL,756731.0,16941.0,140.0,773812.0,0.00018092249794770274,0.021892914555228803
2022-09-01,AL,460125.0,16537.0,527.0,477189.0,0.0011043842165044911,0.03465503185642271
2022-10-01,AL,460393.0,17659.0,527.0,478579.0,0.0011011766080205824,0.036898819205000884
2022-11-01,AL,540945.0,16308.0,37.0,557290.0,6.639272191024553e-05,0.029263040781413084
2022-12-01,AL,560491.0,15984.0,40.0,576515.0,6.938240981251444e-05,0.02772521096108077
2023-01-01,AL,662816.0,16715.0,275.0,679806.0,0.0004045271738695265,0.02458789713174231
2023-02-01,AL,434648.0,14172.0,174.0,448994.0,0.0003875330181722845,0.03156389616975641
2023-03-01,AL,154215.0,15877.0,0.0,170092.0,0.0,0.09334360223094348
2023-04-01,AL,743222.0,15551.0,55.0,758828.0,7.24801931303958e-05,0.02049344515219609
2023-05-01,AL,835088.0,15534.0,54.0,850676.0,6.347892733972994e-05,0.018260771431395647
2023-06-01,AL,740002.0,15728.0,245.0,755975.0,0.0003240847911208592,0.02080492079489336
2023-07-01,AL,740315.0,16342.0,245.0,756902.0,0.0003236878750057884,0.021590641850386096
2023-08-01,AL,739877.0,15440.0,245.0,755562.0,0.0003242619400758294,0.020435119815391044
2023-09-01,AL,726346.0,16109.0,60.0,742515.0,8.08064483436959e-05,0.021695184606143288
2023-10-01,AL,692862.0,16335.0,255.0,709452.0,0.0003594323505523373,0.02302481351479384
2023-11-01,AL,731229.0,16459.0,0.0,747688.0,0.0,0.02201319266565557
2023-12-01,AL,718865.0,15916.0,107.0,734888.0,0.0001456004180030698,0.021657721990064105
2024-01-01,AL,672557.0,14313.0,389.0,687259.0,0.0005660165962808757,0.020826209620997876
2024-02-01,AL,672441.0,14378.0,136.0,686955.0,0.00019797512206797023,0.020930046360979972
2024-03-01,AL,661263.0,15518.0,215.0,676996.0,0.0003175794243514616,0.022921848870167353
2024-04-01,AL,666798.0,14067.0,165.0,681030.0,0.00024228007573201183,0.020655477729225515
2024-05-01,AL,626692.0,15066.0,573.0,642331.0,0.0008920634375591302,0.02345519677184268
2024-06-01,AL,691805.0,14163.0,64.0,706032.0,9.064744939455331e-05,0.02005999727773529
2024-07-01,AL,648005.0,14496.0,1941.0,664442.0,0.002921248204821302,0.021816802667228023
2024-08-01,AL,760236.0,14758.0,422.0,775416.0,0.0005442240035614143,0.019032364560567186
2024-09-01,AL,685494.0,14046.0,6576.0,706116.0,0.009312917423013654,0.019891915773061097
2024-10-01,AL,728263.0,15222.0,99.0,743584.0,0.00013313895940026427,0.020471123636270936
2024-11-01,AL,673213.0,14771.0,99.0,688083.0,0.0001438779914423292,0.02146688698580449
2024-12-01,AL,647987.0,14427.0,100.0,662514.0,0.0001509402065237957,0.021776143595188008
2025-01-01,AL,393266.0,13417.0,99.0,406782.0,0.00024337360054196754,0.03298326867143009
2025-02-01,AL,583078.0,12335.0,50.0,595463.0,8.396827341346679e-05,0.02071497305110226
2025-03-01,AL,980.0,13090.0,0.0,14070.0,0.0,0.9303482520941845
2025-04-01,AL,984.0,12924.0,0.0,13908.0,0.0,0.9292493462090211
2025-05-01,AL,1039.0,13349.0,0.0,14388.0,0.0,0.9277870383111827
2015-01-01,AR,5536.0,1144315.0,54.0,1149905.0,4.6960401072526825e-05,0.9951387287649728
2015-02-01,AR,4941.0,1028922.0,159.0,1034022.0,0.00015376848846990023,0.9950678031033123
2015-03-01,AR,5937.0,1282001.0,140.0,1288078.0,0.00010868907006340538,0.9952821179311127
2015-04-01,AR,4906.0,1159034.0,141.0,1164081.0,0.00012112559176542477,0.9956643909662931
2015-05-01,AR,4282.0,1206896.0,142.0,1211320.0,0.00011722748735947334,0.9963477858042178
2015-06-01,AR,9629.0,1127857.0,32.0,1137518.0,2.8131422972811732e-05,0.9915069474952038
2015-07-01,AR,10222.0,1158910.0,0.0,1169132.0,0.0,0.99125676134164
2015-08-01,AR,10107.0,1174177.0,91.0,1184375.0,7.683377308058395e-05,0.9913895513674815
2015-09-01,AR,10322.0,1159717.0,496.0,1170535.0,0.000423737863419399,0.9907580720789418
2015-10-01,AR,10377.0,1180455.0,141.0,1190973.0,0.00011839059322768941,0.9911685654510077
2015-11-01,AR,9884.0,1109435.0,84.0,1119403.0,7.50399989927631e-05,0.9910952533635254
2015-12-01,AR,9873.0,1113241.0,0.0,1123114.0,0.0,0.9912092627292323
2016-01-01,AR,9473.0,1082587.0,0.0,1092060.0,0.0,0.9913255681014481
2016-02-01,AR,9160.0,1003210.0,0.0,1012370.0,0.0,0.990951924593681
2016-03-01,AR,9944.0,1037042.0,0.0,1046986.0,0.0,0.9905022606806106
2016-04-01,AR,9364.0,958534.0,0.0,967898.0,0.0,0.9903254267505125
2016-05-01,AR,9592.0,999239.0,0.0,1008831.0,0.0,0.9904919653549017
2016-06-01,AR,9685.0,966587.0,0.0,976272.0,0.0,0.9900796088600227
2016-07-01,AR,9046.0,977022.0,0.0,986068.0,0.0,0.9908261903853663
2016-08-01,AR,10028.0,956371.0,0.0,966399.0,0.0,0.9896233335310133
2016-09-01,AR,9137.0,933568.0,0.0,942705.0,0.0,0.9903076783309406
2016-10-01,AR,8525.0,962741.0,0.0,971266.0,0.0,0.991222795712892
2016-11-01,AR,8468.0,910059.0,0.0,918527.0,0.0,0.9907808914718043
2016-12-01,AR,14051.0,922790.0,0.0,936841.0,0.0,0.9850017237732975
2017-01-01,AR,11772.0,888969.0,0.0,900741.0,0.0,0.9869307602310842
2017-02-01,AR,11408.0,810836.0,56.0,822300.0,6.810166605033423e-05,0.986058615956943
2017-03-01,AR,11868.0,930050.0,50.0,941968.0,5.308035941209464e-05,0.9873477654243724
2017-04-01,AR,11508.0,902433.0,56.0,913997.0,6.126934770450348e-05,0.9873478795896106
2017-05-01,AR,11753.0,927730.0,71.0,939554.0,7.556776938041158e-05,0.9874153054547781
2017-06-01,AR,11414.0,903073.0,137.0,914624.0,0.0001497883283021451,0.9873707664584168
2017-07-01,AR,12020.0,919060.0,110.0,931190.0,0.00011812841631480918,0.9869736572571685
2017-08-01,AR,12534.0,905651.0,169.0,918354.0,0.0001840248966973493,0.9861676433068112
2017-09-01,AR,10673.0,889942.0,106.0,900721.0,0.00011768350020509309,0.98803292018416
2017-10-01,AR,11207.0,911169.0,106.0,922482.0,0.00011490739113447121,0.9877363459679717
2017-11-01,AR,13035.0,839894.0,84.0,853013.0,9.847446637994094e-05,0.9846203984013585
2017-12-01,AR,13425.0,934220.0,74.0,947719.0,7.808221634492058e-05,0.98575632640205
2018-01-01,AR,14799.0,871264.0,82.0,886145.0,9.253564596171783e-05,0.9832070371120746
2018-02-01,AR,12872.0,771241.0,91.0,784204.0,0.00011604123415386288,0.9834698623083445
2018-03-01,AR,13477.0,836101.0,112.0,849690.0,0.00013181277876262958,0.9840071083590478
2018-04-01,AR,12301.0,824365.0,91.0,836757.0,0.00010875319834686138,0.9851904434638503
2018-05-01,AR,18105.0,834897.0,103.0,853105.0,0.00012073543114613847,0.9786567889089085
2018-06-01,AR,12512.0,790495.0,105.0,803112.0,0.00013074141587590007,0.984289862312568
2018-07-01,AR,12756.0,801743.0,123.0,814622.0,0.0001509902752256887,0.9841902132542223
2018-08-01,AR,12470.0,791555.0,206.0,804231.0,0.0002561453114520399,0.9842383592544632
2018-09-01,AR,12782.0,760936.0,94.0,773812.0,0.0001214765343363147,0.9833602992738082
2018-10-01,AR,12237.0,791121.0,77.0,803435.0,9.583849345674031e-05,0.9846733088570111
2018-11-01,AR,11660.0,735268.0,73.0,747001.0,9.772409941918096e-05,0.9842931935855116
2018-12-01,AR,12608.0,771101.0,68.0,783777.0,8.675937159590555e-05,0.9838270323084466
2019-01-01,AR,13360.0,760142.0,66.0,773568.0,8.531893769063368e-05,0.9826440596065706
2019-02-01,AR,11486.0,680386.0,73.0,691945.0,0.0001054997145574432,0.9832949149161719
2019-03-01,AR,13528.0,748596.0,185.0,762309.0,0.00024268374107577325,0.9820112315370787
2019-04-01,AR,12640.0,725120.0,67.0,737827.0,9.080719462817068e-05,0.9827778055041659
2019-05-01,AR,12092.0,731392.0,94.0,743578.0,0.00012641578958408993,0.9836116720796458
2019-06-01,AR,12057.0,688689.0,12.0,700758.0,1.7124313954728406e-05,0.9827772210973293
2019-07-01,AR,12734.0,743375.0,47.0,756156.0,6.215648621948956e-05,0.9830974030513416
2019-08-01,AR,12368.0,728694.0,20.0,741082.0,2.6987566824320717e-05,0.983283900974078
2019-09-01,AR,11953.0,686161.0,9.0,698123.0,1.2891711057665812e-05,0.9828654834487812
2019-10-01,AR,12294.0,692909.0,7.0,705210.0,9.926121295794712e-06,0.9825569687068311
2019-11-01,AR,16694.0,674645.0,13.0,691352.0,1.880373528697339e-05,0.9758343071292434
2019-12-01,AR,12338.0,700934.0,15.0,713287.0,2.1029403308762195e-05,0.9826815852549281
2020-01-01,AR,13303.0,694666.0,4.0,707973.0,5.6499329768720095e-06,0.9812040853279428
2020-02-01,AR,11826.0,639995.0,8.0,651829.0,1.227315752869646e-05,0.9818449315722614
2020-03-01,AR,13225.0,664125.0,3.0,677353.0,4.4290052595280446e-06,0.9804710393280209
2020-04-01,AR,11910.0,660774.0,20.0,672704.0,2.9730758248838905e-05,0.9822656025559139
2020-05-01,AR,12340.0,662276.0,46.0,674662.0,6.818228978834109e-05,0.9816411772144213
2020-06-01,AR,11793.0,642173.0,24.0,653990.0,3.669780882938611e-05,0.9819309162247235
2020-07-01,AR,11936.0,646859.0,18.0,658813.0,2.7321865229234723e-05,0.9818552455731968
2020-08-01,AR,13768.0,670164.0,8.0,683940.0,1.1696932477747035e-05,0.979857882127108
2020-09-01,AR,11611.0,623842.0,5.0,635458.0,7.868340628669663e-06,0.981720270894108
2020-10-01,AR,12940.0,651518.0,5.0,664463.0,7.524873468120141e-06,0.9805181024405396
2020-11-01,AR,12070.0,648730.0,13.0,660813.0,1.967273645953201e-05,0.9817149479532463
2020-12-01,AR,12873.0,663924.0,1.0,676798.0,1.477545737209988e-06,0.9809780760314041
2021-01-01,AR,21648.0,651812.0,0.0,673460.0,0.0,0.9678555517821615
2021-02-01,AR,19429.0,521637.0,4.0,541070.0,7.392758791396168e-06,0.9640841294168807
2021-03-01,AR,21473.0,657008.0,7.0,678488.0,1.031705792728581e-05,0.9683413706700279
2021-04-01,AR,20975.0,627094.0,8.0,648077.0,1.23442121827585e-05,0.9676226743168448
2021-05-01,AR,21007.0,643001.0,14.0,664022.0,2.108363879192502e-05,0.9683429162033272
2021-06-01,AR,20233.0,599661.0,8.0,619902.0,1.2905265668943598e-05,0.9673480645380483
2021-07-01,AR,20470.0,623322.0,24.0,643816.0,3.727773151998743e-05,0.9681679236042336
2021-08-01,AR,20755.0,617943.0,0.0,638698.0,0.0,0.9675042037132567
2021-09-01,AR,20911.0,613813.0,4.0,634728.0,6.301911999107979e-06,0.9670488774771164
2021-10-01,AR,21916.0,634580.0,15.0,656511.0,2.284805585544674e-05,0.9665946189832929
2021-11-01,AR,20370.0,588745.0,3.0,609118.0,4.925154074428083e-06,0.9665532785163872
2021-12-01,AR,25617.0,622766.0,22.0,648405.0,3.392941139659173e-05,0.960458355354993
2022-01-01,AR,24790.0,585493.0,1.0,610284.0,1.6385813815144128e-06,0.9593779288070181
2022-02-01,AR,22092.0,540162.0,1.0,562255.0,1.7785524358558746e-06,0.960706440856781
2022-03-01,AR,24514.0,610671.0,1.0,635186.0,1.5743420035116737e-06,0.9614050056264772
2022-04-01,AR,23902.0,586728.0,0.0,610630.0,0.0,0.9608568198482131
2022-05-01,AR,22658.0,614391.0,0.0,637049.0,0.0,0.9644328770684151
2022-06-01,AR,23149.0,583572.0,0.0,606721.0,0.0,0.9618457246474335
2022-07-01,AR,23276.0,587182.0,1.0,610459.0,1.638111650145528e-06,0.9618696749557515
2022-08-01,AR,22312.0,616468.0,43.0,638823.0,6.73112896581195e-05,0.9650059561153863
2022-09-01,AR,20636.0,626777.0,2.0,647415.0,3.089208621504104e-06,0.9681224560802388
2022-10-01,AR,21782.0,652082.0,0.0,673864.0,0.0,0.967675970081845
2022-11-01,AR,21070.0,628084.0,0.0,649154.0,0.0,0.9675423703824452
2022-12-01,AR,21309.0,606102.0,0.0,627411.0,0.0,0.9660366169917269
2023-01-01,AR,20777.0,658959.0,0.0,679736.0,0.0,0.9694337211844843
2023-02-01,AR,19680.0,598205.0,0.0,617885.0,0.0,0.9681494127599555
2023-03-01,AR,23259.0,676051.0,0.0,699310.0,0.0,0.9667400722187958
2023-04-01,AR,23541.0,662271.0,0.0,685812.0,0.0,0.9656742662762282
2023-05-01,AR,24816.0,688040.0,0.0,712856.0,0.0,0.9651879200055569
2023-06-01,AR,23751.0,660013.0,0.0,683764.0,0.0,0.9652643308268256
2023-07-01,AR,24644.0,664013.0,0.0,688657.0,0.0,0.9642144055801054
2023-08-01,AR,25365.0,664039.0,0.0,689404.0,0.0,0.9632073499771967
2023-09-01,AR,25614.0,654864.0,0.0,680478.0,0.0,0.9623588123403903
2023-10-01,AR,24235.0,651223.0,0.0,675458.0,0.0,0.9641206409630029
2023-11-01,AR,23277.0,627100.0,0.0,650377.0,0.0,0.964209988827371
2023-12-01,AR,23912.0,650217.0,0.0,674129.0,0.0,0.9645290440012922
2024-01-01,AR,24870.0,625216.0,0.0,650086.0,0.0,0.9617435230166865
2024-02-01,AR,29460.0,651368.0,0.0,680828.0,0.0,0.9567291590597437
2024-03-01,AR,29169.0,695744.0,0.0,724913.0,0.0,0.9597620678674873
2024-04-01,AR,28382.0,657503.0,0.0,685885.0,0.0,0.9586198851179688
2024-05-01,AR,29570.0,666081.0,0.0,695651.0,0.0,0.9574930531318876
2024-06-01,AR,30147.0,641638.0,0.0,671785.0,0.0,0.9551240350774245
2024-07-01,AR,32386.0,645418.0,0.0,677804.0,0.0,0.9522192254763592
2024-08-01,AR,31450.0,644978.0,0.0,676428.0,0.0,0.9535057683961182
2024-09-01,AR,30655.0,611906.0,0.0,642561.0,0.0,0.9522924670261201
2024-10-01,AR,30276.0,615880.0,0.0,646156.0,0.0,0.9531444417519696
2024-11-01,AR,26211.0,595066.0,0.0,621277.0,0.0,0.9578110889413561
2024-12-01,AR,27112.0,600508.0,0.0,627620.0,0.0,0.9568018863393771
2025-01-01,AR,27837.0,590793.0,0.0,618630.0,0.0,0.9550021820870308
2025-02-01,AR,26356.0,527765.0,0.0,554121.0,0.0,0.9524363810517132
2025-03-01,AR,29031.0,591005.0,0.0,620036.0,0.0,0.9531785249641669
2025-04-01,AR,30141.0,588039.0,0.0,618180.0,0.0,0.9512423564412886
2025-05-01,AR,34429.0,663697.0,0.0,698126.0,0.0,0.9506836873357126
2015-01-01,CA,129008.0,883248.0,40572.0,1052828.0,0.03853620913971359,0.8389290557584972
2015-02-01,CA,107109.0,794224.0,33596.0,934929.0,0.03593427949759455,0.8495019406982239
2015-03-01,CA,134559.0,1020364.0,31855.0,1186778.0,0.026841582837999894,0.8597766388608672
2015-04-01,CA,132976.0,976764.0,37621.0,1147361.0,0.032789157027928506,0.8513135795228081
2015-05-01,CA,122603.0,988654.0,38769.0,1150026.0,0.033711411739064036,0.859679694123465
2015-06-01,CA,106484.0,788773.0,36946.0,932203.0,0.03963299838772961,0.846138662839946
2015-07-01,CA,118440.0,1009910.0,41969.0,1170319.0,0.03586116263720736,0.8629356610579734
2015-08-01,CA,112692.0,970223.0,45719.0,1128634.0,0.040508260424503575,0.8596436044936052
2015-09-01,CA,129984.0,888552.0,45189.0,1063725.0,0.04248184445768578,0.8353211590556467
2015-10-01,CA,129825.0,922679.0,45406.0,1097910.0,0.04135675965777188,0.8403958429342664
2015-11-01,CA,135778.0,897757.0,39076.0,1072611.0,0.036430728378095065,0.836982838994101
2015-12-01,CA,134893.0,905516.0,40516.0,1080925.0,0.037482711563014755,0.837723246216183
2016-01-01,CA,138070.0,895863.0,37474.0,1071407.0,0.03497643752234431,0.8361556345220671
2016-02-01,CA,122322.0,884636.0,35472.0,1042430.0,0.034028184143393016,0.8486286848182969
2016-03-01,CA,133758.0,926105.0,35950.0,1095813.0,0.03280669237973936,0.8451305103293052
2016-04-01,CA,126476.0,866568.0,32801.0,1025845.0,0.031974616045116505,0.8447358030847998
2016-05-01,CA,132401.0,929191.0,29837.0,1091429.0,0.027337554707879526,0.8513526760924116
2016-06-01,CA,115394.0,905075.0,29390.0,1049859.0,0.027994235413708483,0.862091957028316
2016-07-01,CA,134936.0,904926.0,33671.0,1073533.0,0.03136466228505647,0.8429419495401685
2016-08-01,CA,123939.0,876108.0,46340.0,1046387.0,0.04428571837720789,0.837269576090178
2016-09-01,CA,122173.0,874583.0,32005.0,1028761.0,0.031110238429420418,0.8501323435812466
2016-10-01,CA,144721.0,926696.0,17633.0,1089050.0,0.016191175793931298,0.8509214452182249
2016-11-01,CA,136001.0,792336.0,17645.0,945982.0,0.018652574782749294,0.8375804189892007
2016-12-01,CA,141696.0,884626.0,26465.0,1052787.0,0.025138038366247107,0.8402706339610699
2017-01-01,CA,141515.0,897047.0,15203.0,1053765.0,0.014427315386786682,0.8512780362935495
2017-02-01,CA,124708.0,789303.0,14995.0,929006.0,0.016140907591970247,0.849620992668549
2017-03-01,CA,143739.0,877524.0,15406.0,1036669.0,0.01486105979682415,0.8464842682817288
2017-04-01,CA,138162.0,822728.0,12644.0,973534.0,0.012987733349529886,0.8450942647257216
2017-05-01,CA,137851.0,790095.0,15052.0,942998.0,0.015961857817730064,0.8378543749999625
2017-06-01,CA,142375.0,781979.0,11436.0,935790.0,0.012220690538238207,0.8356351317244644
2017-07-01,CA,139417.0,815622.0,10991.0,966030.0,0.011377493451406531,0.8443029718699935
2017-08-01,CA,134321.0,861207.0,11986.0,1007514.0,0.011896608879688362,0.8547841517979121
2017-09-01,CA,127776.0,832388.0,14582.0,974746.0,0.014959794652662357,0.8539537478631404
2017-10-01,CA,125260.0,862072.0,13873.0,1001205.0,0.013856303153314627,0.8610344533975526
2017-11-01,CA,112695.0,866200.0,27598.0,1006493.0,0.02741996218280505,0.8606120458999107
2017-12-01,CA,115573.0,870860.0,27454.0,1013887.0,0.02707796825217426,0.8589320110762904
2018-01-01,CA,115838.0,849400.0,31174.0,996412.0,0.031286255080098774,0.8524586214485115
2018-02-01,CA,101622.0,769850.0,22082.0,893554.0,0.024712552344378455,0.8615595698903973
2018-03-01,CA,114817.0,820347.0,25662.0,960826.0,0.026708269756781325,0.8537935067479655
2018-04-01,CA,115511.0,893096.0,23690.0,1032297.0,0.02294882189690091,0.8651541173843231
2018-05-01,CA,117320.0,912112.0,25439.0,1054871.0,0.024115744956102143,0.8646668643971948
2018-06-01,CA,96072.0,864216.0,21597.0,981885.0,0.021995447529802835,0.8801601001257622
2018-07-01,CA,92140.0,874886.0,31399.0,998425.0,0.03144853143386348,0.876266119049877
2018-08-01,CA,301628.0,715213.0,23397.0,1040238.0,0.022491968182041806,0.6875474650332378
2018-09-01,CA,101096.0,889773.0,26335.0,1017204.0,0.02588959539818074,0.8747242440184345
2018-10-01,CA,104130.0,931392.0,31978.0,1067500.0,0.029955971894149322,0.8724983605740048
2018-11-01,CA,92304.0,898522.0,37433.0,1028259.0,0.03640425223252077,0.8738284808716649
2018-12-01,CA,98521.0,895077.0,43968.0,1037566.0,0.04237609944404731,0.862669940913381
2019-01-01,CA,103636.0,834688.0,34151.0,972475.0,0.03511761227433943,0.8583130670857027
2019-02-01,CA,95856.0,796711.0,25823.0,918390.0,0.02811768420517235,0.8675083569216229
2019-03-01,CA,99442.0,851814.0,23837.0,975093.0,0.024445873365469155,0.8735720591909109
2019-04-01,CA,91909.0,810241.0,28634.0,930784.0,0.03076331350444751,0.8704930466283808
2019-05-01,CA,89831.0,794081.0,37934.0,921846.0,0.04115004024086995,0.861403097604003
2019-06-01,CA,93172.0,606329.0,26045.0,725546.0,0.035897103693508466,0.8356865035661852
2019-07-01,CA,80949.0,549936.0,55310.0,686195.0,0.08060390995553686,0.8014281653463771
2019-08-01,CA,87817.0,547206.0,45045.0,680068.0,0.06623602344673826,0.8046342423397904
2019-09-01,CA,93220.0,535826.0,37473.0,666519.0,0.05622195315419037,0.8039170675098659
2019-10-01,CA,90922.0,520636.0,26046.0,637604.0,0.040849806456538885,0.8165507115989626
2019-11-01,CA,89923.0,548203.0,26297.0,664423.0,0.03957870211603471,0.8250813110285043
2019-12-01,CA,90356.0,579458.0,22096.0,691910.0,0.03193478920207328,0.837475972187499
2020-01-01,CA,154788.0,675251.0,20658.0,850697.0,0.024283616843096472,0.7937620561970054
2020-02-01,CA,224678.0,540731.0,24462.0,789871.0,0.03096961402166055,0.6845814062442372
2020-03-01,CA,205797.0,589334.0,23259.0,818390.0,0.028420435241337208,0.7201138820464432
2020-04-01,CA,159462.0,586064.0,22329.0,767855.0,0.029079709055866057,0.7632482694306545
2020-05-01,CA,149755.0,628089.0,27608.0,805452.0,0.03427640628687043,0.7797969337986874
2020-06-01,CA,145330.0,674868.0,35196.0,855394.0,0.04114595145147781,0.7889557325876783
2020-07-01,CA,157707.0,702817.0,21199.0,881723.0,0.02404269821428695,0.7970950059375683
2020-08-01,CA,159082.0,671250.0,22252.0,852584.0,0.02609948110378573,0.787312452405005
2020-09-01,CA,155614.0,644191.0,22058.0,821863.0,0.02683902304558801,0.783817984167213
2020-10-01,CA,134647.0,673689.0,30773.0,839109.0,0.036673423829720164,0.8028623217242501
2020-11-01,CA,151249.0,598825.0,28267.0,778341.0,0.036316987022870825,0.7693607299667677
2020-12-01,CA,141880.0,637236.0,21992.0,801108.0,0.027451979005645687,0.7954433109149525
2021-01-01,CA,130179.0,619283.0,21209.0,770671.0,0.027520173974689567,0.8035633881638776
2021-02-01,CA,124332.0,577892.0,19148.0,721372.0,0.026543863633944228,0.8011012347580582
2021-03-01,CA,108607.0,639732.0,18050.0,766389.0,0.023552008180760423,0.8347353627420625
2021-04-01,CA,110638.0,587415.0,24757.0,722810.0,0.034251047988509975,0.8126824475570783
2021-05-01,CA,109854.0,645349.0,19766.0,774969.0,0.02550553634719511,0.83274169665719
2021-06-01,CA,111645.0,629726.0,18641.0,760012.0,0.024527244303441626,0.8285737592526732
2021-07-01,CA,118186.0,659131.0,22822.0,800139.0,0.028522544204379174,0.8237706197518468
2021-08-01,CA,120914.0,671027.0,18159.0,810100.0,0.022415751139067307,0.8283261324739754
2021-09-01,CA,112809.0,645632.0,24188.0,782629.0,0.03090608704368148,0.8249528191742252
2021-10-01,CA,102567.0,654848.0,23855.0,781270.0,0.030533618335462313,0.8381839823827635
2021-11-01,CA,114930.0,583140.0,21350.0,719420.0,0.029676683991315688,0.8105696254190085
2021-12-01,CA,102160.0,618436.0,29977.0,750573.0,0.03993882006947508,0.8239518340222801
2022-01-01,CA,128781.0,600808.0,18495.0,748084.0,0.02472315942798895,0.8031290602655412
2022-02-01,CA,127565.0,499457.0,8377.0,635399.0,0.013183841961793482,0.7860525432388071
2022-03-01,CA,135923.0,636806.0,9689.0,782418.0,0.01238340631064426,0.8138948745026451
2022-04-01,CA,183456.0,564869.0,10532.0,758857.0,0.01387876767113188,0.7443681746700146
2022-05-01,CA,159712.0,582706.0,9206.0,751624.0,0.012248145347640823,0.7752626312125129
2022-06-01,CA,166653.0,606373.0,11864.0,784890.0,0.015115493888937879,0.7725579379565853
2022-07-01,CA,181924.0,607030.0,10770.0,799724.0,0.013467146163743098,0.7590493719384377
2022-08-01,CA,181303.0,587426.0,9111.0,777840.0,0.01171320579917294,0.7552015837762006
2022-09-01,CA,163600.0,581371.0,17982.0,762953.0,0.023568948542889413,0.7620010668072607
2022-10-01,CA,178738.0,572723.0,25100.0,776561.0,0.0323219940182005,0.7375119274934601
2022-11-01,CA,175462.0,582443.0,14897.0,772802.0,0.01927660642450762,0.7536768796206951
2022-12-01,CA,156905.0,620677.0,15325.0,792907.0,0.01932761345033811,0.7827866318770315
2023-01-01,CA,145988.0,593826.0,19866.0,759680.0,0.02615048441104801,0.7816791279510217
2023-02-01,CA,146357.0,547142.0,11556.0,705055.0,0.01639021069045816,0.7760274020074991
2023-03-01,CA,179775.0,603089.0,12497.0,795361.0,0.01571236205751698,0.7582581996403824
2023-04-01,CA,173158.0,575122.0,10611.0,758891.0,0.01398224514271717,0.757845329466571
2023-05-01,CA,162458.0,644011.0,16065.0,822534.0,0.01953110752631124,0.7829597316605806
2023-06-01,CA,166607.0,607859.0,16532.0,790998.0,0.020900179264561964,0.7684709694881061
2023-07-01,CA,168665.0,629637.0,26688.0,824990.0,0.03234948302011546,0.7632056145209997
2023-08-01,CA,168321.0,614530.0,20642.0,803493.0,0.025690329595193698,0.7648230910829562
2023-09-01,CA,159251.0,599640.0,22289.0,781180.0,0.028532476506242806,0.7676079775765371
2023-10-01,CA,157406.0,609157.0,20509.0,787072.0,0.02605733655547938,0.7739533358099446
2023-11-01,CA,178760.0,537738.0,21182.0,737680.0,0.028714347680740385,0.7289583558278714
2023-12-01,CA,137918.0,584923.0,35741.0,758582.0,0.04711553924992743,0.7710741883183263
2024-01-01,CA,151766.0,574537.0,22298.0,748601.0,0.029786227906483397,0.7674809410129722
2024-02-01,CA,277939.0,426428.0,29911.0,734278.0,0.04073525285508551,0.5807446225297851
2024-03-01,CA,283266.0,470677.0,22740.0,776683.0,0.029278354228265798,0.6060091439356844
2024-04-01,CA,185544.0,499983.0,34062.0,719589.0,0.04733535392462429,0.6948174582025549
2024-05-01,CA,208671.0,485775.0,41519.0,735965.0,0.0564143675233993,0.6600517686764926
2024-06-01,CA,237197.0,453739.0,22330.0,713266.0,0.03130669343115939,0.6361427573112777
2024-07-01,CA,159462.0,529269.0,35111.0,723842.0,0.048506442006887356,0.7311941002689546
2024-08-01,CA,152201.0,555114.0,24711.0,732026.0,0.03375699769765596,0.7583255238532067
2024-09-01,CA,142768.0,536746.0,15848.0,695362.0,0.02279100669539161,0.7718943513203348
2024-10-01,CA,149599.0,541532.0,21874.0,713005.0,0.03067860673758549,0.7595065952188966
2024-11-01,CA,194527.0,449147.0,22425.0,666099.0,0.03366616673592572,0.6742946618033814
2024-12-01,CA,142068.0,545098.0,19285.0,706451.0,0.027298425506185366,0.7716005779917361
2025-01-01,CA,134748.0,508087.0,26659.0,669494.0,0.039819624964552394,0.7589119542880277
2025-02-01,CA,128872.0,443585.0,25234.0,597691.0,0.042219139983332675,0.7421644293218128
2025-03-01,CA,147394.0,499556.0,20380.0,667330.0,0.03053961308040406,0.7485891536798003
2025-04-01,CA,169518.0,481898.0,12298.0,663714.0,0.018529065227111518,0.7260627317299225
2025-05-01,CA,145442.0,51775.0,6981.0,204198.0,0.03418740632416213,0.2535529239984951
2015-01-01,CO,22170577.0,36685663.0,41178.0,58897418.0,0.0006991477962570462,0.6228738753868245
2015-02-01,CO,20138477.0,32451020.0,50212.0,52639709.0,0.0009538806530998226,0.6164741526199993
2015-03-01,CO,21951004.0,35549837.0,42676.0,57543517.0,0.0007416300258450632,0.6177904802019352
2015-04-01,CO,21073357.0,34372594.0,31432.0,55477383.0,0.0005665732285883662,0.6195785046302209
2015-05-01,CO,21350844.0,35005204.0,30677.0,56386725.0,0.0005440464932117549,0.6208057658950386
2015-06-01,CO,20511330.0,32948540.0,30084.0,53489954.0,0.0005624233664501516,0.6159762261141298
2015-07-01,CO,20925304.0,34358836.0,56741.0,55340881.0,0.0010252999044214253,0.6208581319827184
2015-08-01,CO,20558799.0,34356329.0,42107.0,54957235.0,0.0007661775560565116,0.6251466071744236
2015-09-01,CO,19994759.0,33350015.0,58537.0,53403311.0,0.001096130537671913,0.624493395174272
2015-10-01,CO,20854851.0,35443884.0,43257.0,56341992.0,0.0007677577321001222,0.6290846798589779
2015-11-01,CO,19834843.0,35343227.0,87201.0,55265271.0,0.0015778625241852557,0.6395196542135123
2015-12-01,CO,20130856.0,35198775.0,41476.0,55371107.0,0.0007490549177556644,0.6356884828027085
2016-01-01,CO,19972451.0,33777302.0,32669.0,53782422.0,0.0006074289476948296,0.6280360895598416
2016-02-01,CO,18320777.0,31518144.0,20282.0,49859203.0,0.0004067854835136318,0.6321429566360454
2016-03-01,CO,20041558.0,32954780.0,27529.0,53023867.0,0.0005191812962254918,0.6215084237431768
2016-04-01,CO,19071437.0,31838824.0,19560.0,50929821.0,0.0003840578980232739,0.6251509110926874
2016-05-01,CO,19808036.0,32245338.0,20513.0,52073887.0,0.0003939210453016616,0.6192227977899571
2016-06-01,CO,19044331.0,31928873.0,36459.0,51009663.0,0.0007147469294186187,0.6259377365409649
2016-07-01,CO,20030245.0,32726521.0,20596.0,52777362.0,0.00039024307429312165,0.6200863355000197
2016-08-01,CO,20255491.0,33310935.0,23967.0,53590393.0,0.00044722568091551927,0.6215840775778196
2016-09-01,CO,19602556.0,33948045.0,31799.0,53582400.0,0.0005934597927666669,0.6335670854597152
2016-10-01,CO,20203741.0,35135850.0,22421.0,55362012.0,0.0004049888938277659,0.6346563054813927
2016-11-01,CO,19601567.0,34678562.0,19285.0,54299414.0,0.00035516037060666036,0.6386544429362743
2016-12-01,CO,19912912.0,36573925.0,14313.0,56501150.0,0.00025332227751071737,0.647312930797608
2017-01-01,CO,19866069.0,37079933.0,11167.0,56957169.0,0.00019605960401543823,0.6510143262200215
2017-02-01,CO,18044384.0,33329985.0,11304.0,51385673.0,0.00021998349617758243,0.6486240824351008
2017-03-01,CO,19719814.0,36953707.0,13097.0,56686618.0,0.00023104218353574903,0.6518947205482396
2017-04-01,CO,18516040.0,36249278.0,9836.0,54775154.0,0.00017957046729584808,0.6617832238305312
2017-05-01,CO,18732551.0,36682784.0,17911.0,55433246.0,0.00032310934849400104,0.6617469956555282
2017-06-01,CO,16899287.0,34590079.0,31868.0,51521234.0,0.0006185410854083608,0.6713752042494335
2017-07-01,CO,17983836.0,35222516.0,41214.0,53247566.0,0.0007740072100182495,0.6614859353370979
2017-08-01,CO,18613036.0,34787281.0,13761.0,53414078.0,0.0002576287097939655,0.6512755120463724
2017-09-01,CO,18616367.0,34081114.0,9753.0,52707234.0,0.00018504101353490672,0.6466116966019377
2017-10-01,CO,19065919.0,35858332.0,14140.0,54938391.0,0.0002573792159288804,0.6527008044326367
2017-11-01,CO,18502890.0,35453483.0,18351.0,53974724.0,0.0003399924749956294,0.6568534375448463
2017-12-01,CO,20579253.0,36518563.0,24795.0,57122611.0,0.000434066292942327,0.6393013617661152
2018-01-01,CO,20963938.0,36080358.0,26712.0,57071008.0,0.00046804850546801617,0.6322011694613275
2018-02-01,CO,19105462.0,31279564.0,21058.0,50406084.0,0.0004177670298680259,0.6205513604258157
2018-03-01,CO,20205324.0,34665270.0,35827.0,54906421.0,0.0006525102045885444,0.6313518413435992
2018-04-01,CO,19371685.0,33281915.0,38739.0,52692339.0,0.0007351922639062669,0.631627208652416
2018-05-01,CO,20133595.0,33039592.0,32820.0,53206007.0,0.0006168476427847389,0.6209748459405703
2018-06-01,CO,19333214.0,31603254.0,16741.0,50953209.0,0.0003285563427411833,0.6202406996571693
2018-07-01,CO,20087739.0,33633420.0,38625.0,53759784.0,0.0007184738688668866,0.6256241654530724
2018-08-01,CO,20374208.0,34553276.0,25419.0,54952903.0,0.00046255973046508103,0.6287798116859653
2018-09-01,CO,19756361.0,33759470.0,27868.0,53543699.0,0.0005204720727260167,0.63050313352346
2018-10-01,CO,20124693.0,35058753.0,23011.0,55206457.0,0.000416817184989037,0.635048052439527
2018-11-01,CO,19149235.0,34742538.0,22719.0,53914492.0,0.0004213894846669029,0.6444007299546763
2018-12-01,CO,20086794.0,36574118.0,25059.0,56685971.0,0.00044206705041633304,0.645205812915077
2019-01-01,CO,19912592.0,37753563.0,43341.0,57709496.0,0.0007510202480355209,0.6542001857014066
2019-02-01,CO,17921901.0,34338013.0,54666.0,52314580.0,0.0010449476990906838,0.6563755840137561
2019-03-01,CO,19813166.0,37933559.0,17470.0,57764195.0,0.00030243648336083893,0.6566967478718319
2019-04-01,CO,19785201.0,35300294.0,18864.0,55104359.0,0.00034233226449409865,0.6406080143303352
2019-05-01,CO,21764948.0,35144558.0,28929.0,56938435.0,0.000508075081444532,0.6172378640181851
2019-06-01,CO,21022135.0,33359055.0,40380.0,54421570.0,0.0007419852091721316,0.6129748737483814
2019-07-01,CO,21703428.0,34280070.0,32337.0,56015835.0,0.0005772831914393898,0.6119710613960999
2019-08-01,CO,21233675.0,33430860.0,27432.0,54691967.0,0.0005015727446765599,0.6112572253972667
2019-09-01,CO,21421160.0,31836661.0,27936.0,53285757.0,0.0005242676762562944,0.5974703709274554
2019-10-01,CO,22794929.0,34379660.0,22121.0,57196710.0,0.0003867530142898311,0.6010775794611245
2019-11-01,CO,21734901.0,33005448.0,29992.0,54770341.0,0.000547595641223874,0.6026153461403452
2019-12-01,CO,22603120.0,34080292.0,41893.0,56725305.0,0.0007385240149863654,0.6007952182882035
2020-01-01,CO,22666576.0,33147442.0,39870.0,55853888.0,0.0007138267617095629,0.5934670474496001
2020-02-01,CO,21817553.0,29374759.0,35907.0,51228219.0,0.0007009222787918882,0.5734097256034346
2020-03-01,CO,22946544.0,30194787.0,20392.0,53161723.0,0.0003835842566645487,0.5679798414348459
2020-04-01,CO,21171050.0,23919639.0,13788.0,45104477.0,0.0003056902754901566,0.5303162921043728
2020-05-01,CO,21470290.0,22874808.0,10568.0,44355666.0,0.00023825591977304938,0.5157133251014296
2020-06-01,CO,22063948.0,21944161.0,11676.0,44019785.0,0.0002652443668221795,0.4985067737143684
2020-07-01,CO,22686033.0,21625553.0,9666.0,44321252.0,0.0002180895070378019,0.487927394288212
2020-08-01,CO,22987182.0,21572935.0,20380.0,44580497.0,0.00045715057864775,0.48390970158882723
2020-09-01,CO,22589390.0,21306987.0,25081.0,43921458.0,0.0005710420633108968,0.48511565804467344
2020-10-01,CO,24134820.0,21547716.0,24264.0,45706800.0,0.0005308619286396534,0.4714334847320936
2020-11-01,CO,22785522.0,21540187.0,15766.0,44341475.0,0.00035555876298576996,0.4857796679057569
2020-12-01,CO,23881326.0,22957136.0,22792.0,46861254.0,0.0004863719609370966,0.48989589565723124
2021-01-01,CO,22832760.0,23085322.0,19556.0,45937638.0,0.0004257075646762123,0.5025361121081093
2021-02-01,CO,19357975.0,21610876.0,12661.0,40981512.0,0.0003089441892717161,0.5273323248773073
2021-03-01,CO,21972640.0,23676101.0,18312.0,45667053.0,0.00040098930841803827,0.5184503804076903
2021-04-01,CO,21329231.0,22273943.0,14183.0,43617357.0,0.0003251687166640446,0.5106669576505732
2021-05-01,CO,22491008.0,22367805.0,11301.0,44870114.0,0.0002518602916849022,0.49850118499699264
2021-06-01,CO,20800023.0,21780152.0,12402.0,42592577.0,0.0002911774978999482,0.5113602776359097
2021-07-01,CO,21275938.0,22682527.0,14633.0,43973098.0,0.000332771641424189,0.5158273588080698
2021-08-01,CO,21572788.0,22359599.0,14846.0,43947233.0,0.0003378142146051884,0.5087828623920219
2021-09-01,CO,21108274.0,21621547.0,15705.0,42745526.0,0.00036740687200721917,0.5058201178750126
2021-10-01,CO,23284321.0,23269373.0,33580.0,46587274.0,0.0007207977011045531,0.49947917107040973
2021-11-01,CO,22307917.0,22982989.0,17793.0,45308699.0,0.00039270604525547574,0.5072533422323443
2021-12-01,CO,20046627.0,25020983.0,11470.0,45079080.0,0.00025444174991979775,0.5550464428276818
2022-01-01,CO,19785808.0,26023419.0,7557.0,45816784.0,0.00016493955577465903,0.5679887745928043
2022-02-01,CO,17549082.0,23272366.0,5605.0,40827053.0,0.00013728642133406668,0.5700231657656749
2022-03-01,CO,20224723.0,25559687.0,7453.0,45791863.0,0.00016275817386996732,0.5581709353022868
2022-04-01,CO,20003755.0,25432004.0,5019.0,45440778.0,0.00011045145397794366,0.5596736041786967
2022-05-01,CO,20077911.0,24292508.0,4266.0,44374685.0,9.613589369683157e-05,0.5474406860565941
2022-06-01,CO,18971750.0,22108879.0,4723.0,41085352.0,0.00011495581198838224,0.5381207151382368
2022-07-01,CO,19182918.0,23052182.0,4028.0,42239128.0,9.536181712819601e-05,0.5457542115913336
2022-08-01,CO,18879121.0,23356369.0,9148.0,42244638.0,0.00021654819245884755,0.5528836346033954
2022-09-01,CO,18407197.0,23751262.0,4931.0,42163390.0,0.00011694979933986107,0.5633148093629015
2022-10-01,CO,18715180.0,26137795.0,5313.0,44858288.0,0.00011843965155308995,0.5826748225420848
2022-11-01,CO,18016164.0,25876455.0,5246.0,43897865.0,0.00011950467294908418,0.5894695562060035
2022-12-01,CO,17918027.0,26053505.0,5801.0,43977333.0,0.00013190886314062768,0.5924303094946834
2023-01-01,CO,19927100.0,26630167.0,10448.0,46567715.0,0.00022436144869847198,0.5718590014550384
2023-02-01,CO,17248762.0,22189701.0,12300.0,39450763.0,0.00031178104210478316,0.5624656993311828
2023-03-01,CO,18789244.0,24554651.0,8013.0,43351908.0,0.00018483615530789362,0.5664030058364066
2023-04-01,CO,18145618.0,23293188.0,8348.0,41447154.0,0.00020141310546870983,0.5619972845407866
2023-05-01,CO,18752814.0,24329154.0,5194.0,43087162.0,0.00012054634742450536,0.5646497209526943
2023-06-01,CO,17921813.0,23129692.0,5335.0,41056840.0,0.00012994180750362195,0.5633578229582127
2023-07-01,CO,18924872.0,21851010.0,5546.0,40781428.0,0.00013599327615468495,0.5358078682273317
2023-08-01,CO,18614615.0,21573663.0,5882.0,40194160.0,0.00014633966725477945,0.5367362572061793
2023-09-01,CO,17576866.0,21281538.0,3847.0,38862251.0,9.899066320142136e-05,0.5476146505241098
2023-10-01,CO,17662600.0,22980078.0,3330.0,40646008.0,8.192686474873024e-05,0.5653710937601415
2023-11-01,CO,16792260.0,22992809.0,8252.0,39793321.0,0.00020737148326924667,0.5778057327746589
2023-12-01,CO,16910954.0,23906019.0,8417.0,40825390.0,0.0002061707187605405,0.5855674373212709
2024-01-01,CO,17670006.0,25063733.0,6181.0,42739920.0,0.00014461889493442052,0.5864244247518796
2024-02-01,CO,16677326.0,22679006.0,2303.0,39358635.0,5.851320809256085e-05,0.5762142411682311
2024-03-01,CO,17642755.0,23189258.0,2648.0,40834661.0,6.484687114198194e-05,0.5678817316481019
2024-04-01,CO,16974469.0,21711637.0,2598.0,38688704.0,6.71513835147666e-05,0.5611880149809071
2024-05-01,CO,16854022.0,22388562.0,2828.0,39245412.0,7.205937855851262e-05,0.5704759068383064
2024-06-01,CO,15320798.0,21007110.0,2397.0,36330305.0,6.597797623756261e-05,0.5782255337504647
2024-07-01,CO,16522663.0,22030217.0,3037.0,38555917.0,7.876871402104437e-05,0.5713835570281692
2024-08-01,CO,16044056.0,21855180.0,3335.0,37902571.0,8.798875411357189e-05,0.5766147103831647
2024-09-01,CO,15312351.0,21646686.0,2110.0,36961147.0,5.708697297717225e-05,0.5856605586385464
2024-10-01,CO,16250233.0,22596043.0,3810.0,38850086.0,9.80692809789454e-05,0.5816214409394573
2024-11-01,CO,16453240.0,22549401.0,2213.0,39004854.0,5.6736528227854056e-05,0.5781178157965208
2024-12-01,CO,17408320.0,22247782.0,3063.0,39659165.0,7.723309353568782e-05,0.5609745439659131
2025-01-01,CO,18983979.0,22754387.0,3327.0,41741693.0,7.970448155976878e-05,0.5451237207830906
2025-02-01,CO,18082661.0,19750506.0,2674.0,37835841.0,7.067372970493593e-05,0.5220052066491081
2025-03-01,CO,19733748.0,22122988.0,2447.0,41859183.0,5.845790157906699e-05,0.5285097895949653
2025-04-01,CO,17979121.0,21477565.0,2695.0,39459381.0,6.829808100621675e-05,0.5442955377314603
2025-05-01,CO,15961433.0,20303360.0,2589.0,36267382.0,7.138645960143639e-05,0.5598242519943682
2015-11-01,ID,1551.0,0.0,0.0,1551.0,0.0,0.0
2015-12-01,ID,74.0,0.0,0.0,74.0,0.0,0.0
2016-02-01,ID,3028.0,0.0,0.0,3028.0,0.0,0.0
2016-03-01,ID,40056.0,0.0,0.0,40056.0,0.0,0.0
2016-04-01,ID,40653.0,0.0,0.0,40653.0,0.0,0.0
2016-05-01,ID,56721.0,0.0,0.0,56721.0,0.0,0.0
2016-06-01,ID,57007.0,0.0,0.0,57007.0,0.0,0.0
2016-07-01,ID,52846.0,0.0,0.0,52846.0,0.0,0.0
2016-08-01,ID,50570.0,0.0,0.0,50570.0,0.0,0.0
2016-09-01,ID,80358.0,0.0,0.0,80358.0,0.0,0.0
2016-10-01,ID,59737.0,0.0,0.0,59737.0,0.0,0.0
2016-11-01,ID,73038.0,0.0,0.0,73038.0,0.0,0.0
2016-12-01,ID,76624.0,0.0,0.0,76624.0,0.0,0.0
2017-01-01,ID,58513.0,0.0,0.0,58513.0,0.0,0.0
2017-02-01,ID,48762.0,0.0,0.0,48762.0,0.0,0.0
2017-03-01,ID,54921.0,0.0,0.0,54921.0,0.0,0.0
2017-04-01,ID,45066.0,0.0,0.0,45066.0,0.0,0.0
2017-05-01,ID,45791.0,0.0,0.0,45791.0,0.0,0.0
2017-06-01,ID,46457.0,0.0,0.0,46457.0,0.0,0.0
2017-07-01,ID,41069.0,0.0,0.0,41069.0,0.0,0.0
2017-08-01,ID,47445.0,0.0,0.0,47445.0,0.0,0.0
2017-09-01,ID,17520.0,0.0,0.0,17520.0,0.0,0.0
2017-10-01,ID,24639.0,0.0,0.0,24639.0,0.0,0.0
2017-11-01,ID,18254.0,0.0,0.0,18254.0,0.0,0.0
2017-12-01,ID,8150.0,0.0,0.0,8150.0,0.0,0.0
2018-01-01,ID,7083.0,0.0,0.0,7083.0,0.0,0.0
2018-02-01,ID,5949.0,0.0,0.0,5949.0,0.0,0.0
2018-03-01,ID,45.0,0.0,0.0,45.0,0.0,0.0
2018-04-01,ID,5622.0,0.0,0.0,5622.0,0.0,0.0
2018-05-01,ID,3269.0,0.0,0.0,3269.0,0.0,0.0
2018-06-01,ID,1700.0,0.0,0.0,1700.0,0.0,0.0
2018-07-01,ID,4072.0,0.0,0.0,4072.0,0.0,0.0
2018-08-01,ID,2986.0,0.0,0.0,2986.0,0.0,0.0
2018-09-01,ID,1478.0,0.0,0.0,1478.0,0.0,0.0
2018-10-01,ID,155.0,0.0,0.0,155.0,0.0,0.0
2018-11-01,ID,3826.0,0.0,0.0,3826.0,0.0,0.0
2018-12-01,ID,1546.0,0.0,0.0,1546.0,0.0,0.0
2019-03-01,ID,1968.0,0.0,0.0,1968.0,0.0,0.0
2019-05-01,ID,528.0,0.0,0.0,528.0,0.0,0.0
2019-06-01,ID,99.0,0.0,0.0,99.0,0.0,0.0
2019-08-01,ID,9877.0,0.0,0.0,9877.0,0.0,0.0
2019-09-01,ID,7154.0,0.0,0.0,7154.0,0.0,0.0
2019-10-01,ID,2594.0,0.0,0.0,2594.0,0.0,0.0
2019-11-01,ID,5108.0,0.0,0.0,5108.0,0.0,0.0
2019-12-01,ID,3763.0,0.0,0.0,3763.0,0.0,0.0
2020-12-01,ID,2279.0,0.0,0.0,2279.0,0.0,0.0
2021-01-01,ID,7175.0,0.0,0.0,7175.0,0.0,0.0
2021-02-01,ID,6721.0,0.0,0.0,6721.0,0.0,0.0
2021-03-01,ID,2609.0,0.0,0.0,2609.0,0.0,0.0
2021-04-01,ID,736.0,0.0,0.0,736.0,0.0,0.0
2021-05-01,ID,1489.0,0.0,0.0,1489.0,0.0,0.0
2021-07-01,ID,1022.0,0.0,0.0,1022.0,0.0,0.0
2021-08-01,ID,663.0,0.0,0.0,663.0,0.0,0.0
2021-09-01,ID,442.0,0.0,0.0,442.0,0.0,0.0
2021-10-01,ID,2239.0,0.0,0.0,2239.0,0.0,0.0
2021-11-01,ID,59.0,0.0,0.0,59.0,0.0,0.0
2022-01-01,ID,726.0,0.0,0.0,726.0,0.0,0.0
2022-04-01,ID,625.0,0.0,0.0,625.0,0.0,0.0
2022-05-01,ID,24.0,0.0,0.0,24.0,0.0,0.0
2022-06-01,ID,1669.0,0.0,0.0,1669.0,0.0,0.0
2022-07-01,ID,187.0,0.0,0.0,187.0,0.0,0.0
2022-12-01,ID,1264.0,0.0,0.0,1264.0,0.0,0.0
2024-06-01,ID,165.0,0.0,0.0,165.0,0.0,0.0
2024-09-01,ID,880.0,0.0,0.0,880.0,0.0,0.0
2015-01-01,IL,162.0,0.0,4720.0,4882.0,0.9668168585248492,0.0
2015-02-01,IL,146.0,0.0,4360.0,4506.0,0.9675987357390426,0.0
2015-03-01,IL,162.0,0.0,4720.0,4882.0,0.9668168585248492,0.0
2015-04-01,IL,157.0,0.0,2500.0,2657.0,0.9409107662434788,0.0
2015-05-01,IL,162.0,0.0,620.0,782.0,0.7928387732942745,0.0
2015-06-01,IL,157.0,0.0,600.0,757.0,0.7926022731040591,0.0
2015-07-01,IL,162.0,0.0,620.0,782.0,0.7928387732942745,0.0
2015-08-01,IL,162.0,0.0,620.0,782.0,0.7928387732942745,0.0
2015-09-01,IL,157.0,0.0,600.0,757.0,0.7926022731040591,0.0
2015-10-01,IL,162.0,0.0,620.0,782.0,0.7928387732942745,0.0
2015-11-01,IL,157.0,0.0,600.0,757.0,0.7926022731040591,0.0
2015-12-01,IL,162.0,0.0,620.0,782.0,0.7928387732942745,0.0
2016-01-01,IL,162.0,0.0,620.0,782.0,0.7928387732942745,0.0
2016-02-01,IL,151.0,0.0,580.0,731.0,0.7934335439899393,0.0
2016-03-01,IL,162.0,0.0,620.0,782.0,0.7928387732942745,0.0
2016-04-01,IL,157.0,0.0,600.0,757.0,0.7926022731040591,0.0
2016-05-01,IL,162.0,0.0,620.0,782.0,0.7928387732942745,0.0
2016-06-01,IL,157.0,0.0,600.0,757.0,0.7926022731040591,0.0
2016-07-01,IL,162.0,0.0,620.0,782.0,0.7928387732942745,0.0
2016-08-01,IL,162.0,0.0,620.0,782.0,0.7928387732942745,0.0
2016-09-01,IL,157.0,0.0,600.0,757.0,0.7926022731040591,0.0
2016-10-01,IL,162.0,0.0,620.0,782.0,0.7928387732942745,0.0
2016-11-01,IL,157.0,0.0,600.0,757.0,0.7926022731040591,0.0
2016-12-01,IL,162.0,0.0,620.0,782.0,0.7928387732942745,0.0
2017-01-01,IL,162.0,56.0,564.0,782.0,0.7212275292547917,0.07161124403948287
2017-02-01,IL,146.0,50.0,492.0,688.0,0.7151161751284629,0.07267440804151046
2017-03-01,IL,162.0,56.0,408.0,626.0,0.6517570843838524,0.08945685471935229
2017-04-01,IL,157.0,54.0,332.0,543.0,0.6114179352821483,0.09944749549769881
2017-05-01,IL,24.0,56.0,253.0,333.0,0.7597595316037443,0.16816811766723194
2017-06-01,IL,23.0,54.0,245.0,322.0,0.7608693289225688,0.16770181127272943
2017-07-01,IL,0.0,56.0,253.0,309.0,0.8187699615631193,0.18122971481239003
2017-08-01,IL,0.0,56.0,253.0,309.0,0.8187699615631193,0.18122971481239003
2017-09-01,IL,0.0,54.0,245.0,299.0,0.819397719264977,0.1806019462869745
2017-10-01,IL,0.0,56.0,253.0,309.0,0.8187699615631193,0.18122971481239003
2017-11-01,IL,0.0,54.0,245.0,299.0,0.819397719264977,0.1806019462869745
2017-12-01,IL,0.0,56.0,253.0,309.0,0.8187699615631193,0.18122971481239003
2018-01-01,IL,0.0,56.0,253.0,309.0,0.8187699615631193,0.18122971481239003
2018-02-01,IL,0.0,50.0,229.0,279.0,0.8207882362766179,0.17921140530057159
2018-03-01,IL,0.0,56.0,253.0,309.0,0.8187699615631193,0.18122971481239003
2018-04-01,IL,0.0,54.0,245.0,299.0,0.819397719264977,0.1806019462869745
2018-05-01,IL,0.0,56.0,253.0,309.0,0.8187699615631193,0.18122971481239003
2018-06-01,IL,0.0,54.0,245.0,299.0,0.819397719264977,0.1806019462869745
2018-07-01,IL,0.0,56.0,253.0,309.0,0.8187699615631193,0.18122971481239003
2018-08-01,IL,0.0,56.0,253.0,309.0,0.8187699615631193,0.18122971481239003
2018-09-01,IL,0.0,54.0,245.0,299.0,0.819397719264977,0.1806019462869745
2018-10-01,IL,0.0,56.0,253.0,309.0,0.8187699615631193,0.18122971481239003
2018-11-01,IL,0.0,54.0,245.0,299.0,0.819397719264977,0.1806019462869745
2018-12-01,IL,0.0,56.0,253.0,309.0,0.8187699615631193,0.18122971481239003
2019-01-01,IL,0.0,56.0,253.0,309.0,0.8187699615631193,0.18122971481239003
2019-02-01,IL,0.0,50.0,229.0,279.0,0.8207882362766179,0.17921140530057159
2019-03-01,IL,0.0,56.0,99.0,155.0,0.6387092653488611,0.3612900894902648
2019-04-01,IL,0.0,54.0,105.0,159.0,0.6603769431591552,0.3396224279104227
2019-05-01,IL,0.0,56.0,99.0,155.0,0.6387092653488611,0.3612900894902648
2019-06-01,IL,0.0,54.0,96.0,150.0,0.6399995733336178,0.35999976000016
2019-07-01,IL,0.0,56.0,99.0,155.0,0.6387092653488611,0.3612900894902648
2019-08-01,IL,0.0,56.0,99.0,155.0,0.6387092653488611,0.3612900894902648
2019-09-01,IL,0.0,54.0,99.0,153.0,0.6470584006154244,0.3529409457902315
2019-10-01,IL,0.0,56.0,99.0,155.0,0.6387092653488611,0.3612900894902648
2019-11-01,IL,0.0,54.0,99.0,153.0,0.6470584006154244,0.3529409457902315
2019-12-01,IL,0.0,56.0,99.0,155.0,0.6387092653488611,0.3612900894902648
2020-01-01,IL,0.0,56.0,99.0,155.0,0.6387092653488611,0.3612900894902648
2020-02-01,IL,0.0,56.0,93.0,149.0,0.6241606549257349,0.3758386739337759
2020-03-01,IL,0.0,56.0,100.0,156.0,0.6410252301120319,0.3589741288627379
2020-04-01,IL,0.0,54.0,150.0,204.0,0.7352937572089425,0.26470575259521933
2020-05-01,IL,0.0,56.0,155.0,211.0,0.7345968082479581,0.26540271781861713
2020-06-01,IL,0.0,56.0,150.0,206.0,0.7281549863325308,0.2718445282308115
2020-07-01,IL,0.0,56.0,155.0,211.0,0.7345968082479581,0.26540271781861713
2020-08-01,IL,0.0,56.0,155.0,211.0,0.7345968082479581,0.26540271781861713
2020-09-01,IL,0.0,54.0,150.0,204.0,0.7352937572089425,0.26470575259521933
2020-10-01,IL,0.0,56.0,155.0,211.0,0.7345968082479581,0.26540271781861713
2020-11-01,IL,0.0,56.0,150.0,206.0,0.7281549863325308,0.2718445282308115
2020-12-01,IL,0.0,56.0,155.0,211.0,0.7345968082479581,0.26540271781861713
2021-01-01,IL,0.0,56.0,100.0,156.0,0.6410252301120319,0.3589741288627379
2021-02-01,IL,0.0,50.0,90.0,140.0,0.6428566836737973,0.3571426020409985
2021-03-01,IL,0.0,56.0,100.0,156.0,0.6410252301120319,0.3589741288627379
2021-04-01,IL,0.0,54.0,162.0,216.0,0.7499996527779386,0.24999988425931283
2021-05-01,IL,0.0,56.0,155.0,211.0,0.7345968082479581,0.26540271781861713
2021-06-01,IL,0.0,54.0,150.0,204.0,0.7352937572089425,0.26470575259521933
2021-07-01,IL,0.0,56.0,155.0,211.0,0.7345968082479581,0.26540271781861713
2021-08-01,IL,0.0,56.0,155.0,211.0,0.7345968082479581,0.26540271781861713
2021-09-01,IL,0.0,54.0,150.0,204.0,0.7352937572089425,0.26470575259521933
2021-10-01,IL,0.0,56.0,155.0,211.0,0.7345968082479581,0.26540271781861713
2021-11-01,IL,0.0,50.0,150.0,200.0,0.7499996250001875,0.2499998750000625
2021-12-01,IL,0.0,50.0,155.0,205.0,0.7560971921477111,0.24390232004764875
2022-01-01,IL,0.0,55.0,100.0,155.0,0.6451608740897586,0.35483848074936725
2022-02-01,IL,0.0,50.0,90.0,140.0,0.6428566836737973,0.3571426020409985
2022-03-01,IL,0.0,56.0,100.0,156.0,0.6410252301120319,0.3589741288627379
2022-04-01,IL,0.0,54.0,150.0,204.0,0.7352937572089425,0.26470575259521933
2022-05-01,IL,0.0,56.0,167.0,223.0,0.7488785879468215,0.2511209636228863
2022-06-01,IL,0.0,54.0,162.0,216.0,0.7499996527779386,0.24999988425931283
2022-07-01,IL,0.0,56.0,167.0,223.0,0.7488785879468215,0.2511209636228863
2022-08-01,IL,0.0,56.0,167.0,223.0,0.7488785879468215,0.2511209636228863
2022-09-01,IL,0.0,54.0,151.0,205.0,0.7365850065438992,0.26341450565146063
2022-10-01,IL,0.0,56.0,156.0,212.0,0.7358487095053257,0.2641508187967836
2022-11-01,IL,0.0,54.0,151.0,205.0,0.7365850065438992,0.26341450565146063
2022-12-01,IL,0.0,56.0,156.0,212.0,0.7358487095053257,0.2641508187967836
2023-01-01,IL,0.0,56.0,155.0,211.0,0.7345968082479581,0.26540271781861713
2023-02-01,IL,0.0,0.0,140.0,140.0,0.9999992857147959,0.0
2023-03-01,IL,0.0,0.0,155.0,155.0,0.9999993548391259,0.0
2023-04-01,IL,0.0,0.0,155.0,155.0,0.9999993548391259,0.0
2023-05-01,IL,0.0,0.0,155.0,155.0,0.9999993548391259,0.0
2023-06-01,IL,0.0,0.0,149.0,149.0,0.9999993288595108,0.0
2023-07-01,IL,0.0,12.0,182.0,194.0,0.938143846317605,0.06185563821874319
2023-08-01,IL,0.0,80.0,99.0,179.0,0.5530723167193762,0.4469271246217181
2023-09-01,IL,0.0,79.0,96.0,175.0,0.5485711151022199,0.45142831346953516
2023-10-01,IL,0.0,80.0,99.0,179.0,0.5530723167193762,0.4469271246217181
2023-11-01,IL,0.0,77.0,96.0,173.0,0.5549129740387433,0.4450864479269087
2023-12-01,IL,0.0,80.0,155.0,235.0,0.6595741874152394,0.3404253870530268
2024-01-01,IL,0.0,56.0,155.0,211.0,0.7345968082479581,0.26540271781861713
2024-02-01,IL,0.0,52.0,145.0,197.0,0.7360402355125708,0.26395925687347366
2024-03-01,IL,0.0,56.0,155.0,211.0,0.7345968082479581,0.26540271781861713
2024-04-01,IL,0.0,0.0,150.0,150.0,0.9999993333337778,0.0
2024-05-01,IL,0.0,0.0,155.0,155.0,0.9999993548391259,0.0
2024-06-01,IL,0.0,0.0,150.0,150.0,0.9999993333337778,0.0
2024-07-01,IL,0.0,0.0,155.0,155.0,0.9999993548391259,0.0
2024-08-01,IL,0.0,0.0,155.0,155.0,0.9999993548391259,0.0
2024-09-01,IL,0.0,0.0,150.0,150.0,0.9999993333337778,0.0
2024-10-01,IL,0.0,18.0,155.0,173.0,0.8959532393333877,0.10404618263226437
2024-11-01,IL,0.0,23.0,150.0,173.0,0.8670515219355365,0.13294790003011558
2024-12-01,IL,0.0,20.0,130.0,150.0,0.8666660888892741,0.1333332444445037
2025-01-01,IL,0.0,2.0,10.0,12.0,0.8333263889467588,0.16666527778935175
2025-02-01,IL,0.0,8.0,50.0,58.0,0.8620674791940013,0.13793079667104022
2025-03-01,IL,0.0,24.0,155.0,179.0,0.8659213039545788,0.13407813738651542
2025-04-01,IL,0.0,23.0,150.0,173.0,0.8670515219355365,0.13294790003011558
2025-05-01,IL,0.0,24.0,155.0,179.0,0.8659213039545788,0.13407813738651542
2015-01-01,KS,159599.0,206107.0,0.0,365706.0,0.0,0.5635865967297264
2015-02-01,KS,146178.0,191548.0,0.0,337726.0,0.0,0.5671698357345393
2015-03-01,KS,163768.0,214256.0,0.0,378024.0,0.0,0.5667788287074951
2015-04-01,KS,165521.0,206967.0,0.0,372488.0,0.0,0.5556340068523995
2015-05-01,KS,170099.0,212374.0,0.0,382473.0,0.0,0.5552653388460714
2015-06-01,KS,160791.0,202441.0,0.0,363232.0,0.0,0.5573325035907264
2015-07-01,KS,174904.0,208544.0,0.0,383448.0,0.0,0.5438651393294879
2015-08-01,KS,172287.0,210275.0,0.0,382562.0,0.0,0.5496494684391943
2015-09-01,KS,166357.0,201697.0,0.0,368054.0,0.0,0.5480092593619389
2015-10-01,KS,170370.0,210404.0,0.0,380774.0,0.0,0.5525692404017687
2015-11-01,KS,161228.0,202306.0,0.0,363534.0,0.0,0.5564981540773357
2015-12-01,KS,161396.0,203625.0,0.0,365021.0,0.0,0.5578446170061874
2016-01-01,KS,155892.0,198354.0,0.0,354246.0,0.0,0.5599329278072489
2016-02-01,KS,148106.0,182974.0,0.0,331080.0,0.0,0.5526579676958264
2016-03-01,KS,159658.0,197729.0,0.0,357387.0,0.0,0.5532629892656243
2016-04-01,KS,152807.0,189676.0,0.0,342483.0,0.0,0.5538260291594543
2016-05-01,KS,159566.0,195363.0,0.0,354929.0,0.0,0.5504283953831813
2016-06-01,KS,152711.0,191449.0,0.0,344160.0,0.0,0.5562790560912718
2016-07-01,KS,162106.0,194088.0,0.0,356194.0,0.0,0.5448940744243603
2016-08-01,KS,131706.0,220463.0,0.0,352169.0,0.0,0.6260147824976035
2016-09-01,KS,126611.0,217069.0,0.0,343680.0,0.0,0.6316020715108234
2016-10-01,KS,128899.0,222133.0,0.0,351032.0,0.0,0.6327998585220721
2016-11-01,KS,124298.0,217667.0,0.0,341965.0,0.0,0.6365183569556773
2016-12-01,KS,114361.0,215221.0,0.0,329582.0,0.0,0.6530119968162666
2017-01-01,KS,114619.0,214369.0,0.0,328988.0,0.0,0.6516012740125472
2017-02-01,KS,107552.0,193879.0,0.0,301431.0,0.0,0.6431952915781073
2017-03-01,KS,112258.0,215789.0,0.0,328047.0,0.0,0.6577990346938704
2017-04-01,KS,105404.0,204729.0,0.0,310133.0,0.0,0.6601329105060948
2017-05-01,KS,113853.0,209427.0,0.0,323280.0,0.0,0.6478192277134932
2017-06-01,KS,113293.0,209224.0,0.0,322517.0,0.0,0.6487223927269811
2017-07-01,KS,122617.0,217988.0,0.0,340605.0,0.0,0.6400023485738605
2017-08-01,KS,120343.0,216585.0,0.0,336928.0,0.0,0.6428227987454819
2017-09-01,KS,115475.0,207302.0,0.0,322777.0,0.0,0.6422452651080327
2017-10-01,KS,119426.0,213236.0,0.0,332662.0,0.0,0.6409989717367782
2017-11-01,KS,111536.0,204403.0,0.0,315939.0,0.0,0.646969826249064
2017-12-01,KS,108465.0,213190.0,0.0,321655.0,0.0,0.6627908782195859
2018-01-01,KS,91971.0,226342.0,0.0,318313.0,0.0,0.7110674082707689
2018-02-01,KS,84738.0,202450.0,0.0,287188.0,0.0,0.7049389247792599
2018-03-01,KS,95029.0,225850.0,0.0,320879.0,0.0,0.7038478676685455
2018-04-01,KS,95284.0,218066.0,0.0,313350.0,0.0,0.6959183019958773
2018-05-01,KS,96421.0,222629.0,0.0,319050.0,0.0,0.6977871804739736
2018-06-01,KS,98346.0,203469.0,0.0,301815.0,0.0,0.6741513839026717
2018-07-01,KS,101492.0,216525.0,0.0,318017.0,0.0,0.68085982803408
2018-08-01,KS,104202.0,212435.0,0.0,316637.0,0.0,0.6709102219036593
2018-09-01,KS,103903.0,210143.0,0.0,314046.0,0.0,0.6691471947838383
2018-10-01,KS,105697.0,214769.0,0.0,320466.0,0.0,0.6701771792732529
2018-11-01,KS,97184.0,214483.0,0.0,311667.0,0.0,0.6881800124208916
2018-12-01,KS,91371.0,214255.0,0.0,305626.0,0.0,0.7010365607961899
2019-01-01,KS,91675.0,202419.0,0.0,294094.0,0.0,0.6882799374729577
2019-02-01,KS,73123.0,179990.0,0.0,253113.0,0.0,0.7111053163167813
2019-03-01,KS,92238.0,254409.0,0.0,346647.0,0.0,0.7339137506645337
2019-04-01,KS,94823.0,199827.0,0.0,294650.0,0.0,0.6781842862113747
2019-05-01,KS,98730.0,196208.0,0.0,294938.0,0.0,0.6652516797885482
2019-06-01,KS,105324.0,187794.0,0.0,293118.0,0.0,0.6406771332225666
2019-07-01,KS,105345.0,192086.0,0.0,297431.0,0.0,0.6458170128043758
2019-08-01,KS,135977.0,147107.0,0.0,283084.0,0.0,0.5196584757458357
2019-09-01,KS,134462.0,142581.0,0.0,277043.0,0.0,0.5146529598240515
2019-10-01,KS,138966.0,147463.0,0.0,286429.0,0.0,0.5148326459559498
2019-11-01,KS,161571.0,100416.0,0.0,261987.0,0.0,0.38328619344345854
2019-12-01,KS,166429.0,108541.0,0.0,274970.0,0.0,0.39473760759546944
2020-01-01,KS,176847.0,110075.0,0.0,286922.0,0.0,0.3836408499928061
2020-02-01,KS,148721.0,102270.0,0.0,250991.0,0.0,0.40746480933281876
2020-03-01,KS,172288.0,111079.0,0.0,283367.0,0.0,0.39199695081219865
2020-04-01,KS,164988.0,107819.0,0.0,272807.0,0.0,0.39522079697543655
2020-05-01,KS,159513.0,115281.0,0.0,274794.0,0.0,0.41951789325111977
2020-06-01,KS,154992.0,109425.0,0.0,264417.0,0.0,0.4138349650688742
2020-07-01,KS,160886.0,113929.0,0.0,274815.0,0.0,0.41456616254041223
2020-08-01,KS,159552.0,105308.0,0.0,264860.0,0.0,0.39759873125515416
2020-09-01,KS,147872.0,108720.0,0.0,256592.0,0.0,0.4237076758341228
2020-10-01,KS,137361.0,109989.0,0.0,247350.0,0.0,0.4446694964848718
2020-11-01,KS,151725.0,105337.0,0.0,257062.0,0.0,0.4097727394909505
2020-12-01,KS,150221.0,104881.0,0.0,255102.0,0.0,0.41113358562020935
2021-01-01,KS,146027.0,102744.0,0.0,248771.0,0.0,0.4130063389973082
2021-02-01,KS,109913.0,81387.0,0.0,191300.0,0.0,0.4254417143620273
2021-03-01,KS,139072.0,103496.0,0.0,242568.0,0.0,0.4266679857084743
2021-04-01,KS,135343.0,103488.0,0.0,238831.0,0.0,0.43331058345302303
2021-05-01,KS,137190.0,105582.0,0.0,242772.0,0.0,0.43490188306934
2021-06-01,KS,141990.0,102502.0,0.0,244492.0,0.0,0.41924480129442077
2021-07-01,KS,149799.0,105200.0,0.0,254999.0,0.0,0.412550637291695
2021-08-01,KS,149352.0,101609.0,0.0,250961.0,0.0,0.4048796424923077
2021-09-01,KS,146122.0,101341.0,0.0,247463.0,0.0,0.40951980683596345
2021-10-01,KS,154678.0,104214.0,0.0,258892.0,0.0,0.4025385101113443
2021-11-01,KS,150603.0,103516.0,0.0,254119.0,0.0,0.4073524606946539
2021-12-01,KS,154980.0,100806.0,0.0,255786.0,0.0,0.39410288272458116
2022-01-01,KS,147461.0,98569.0,0.0,246030.0,0.0,0.40063813339810667
2022-02-01,KS,131433.0,87065.0,0.0,218498.0,0.0,0.3984704663665249
2022-03-01,KS,146478.0,98932.0,0.0,245410.0,0.0,0.4031294566630824
2022-04-01,KS,147132.0,97011.0,0.0,244143.0,0.0,0.39735319038540806
2022-05-01,KS,141737.0,104934.0,0.0,246671.0,0.0,0.42540063468125533
2022-06-01,KS,130547.0,98783.0,0.0,229330.0,0.0,0.4307460862378467
2022-07-01,KS,138113.0,99978.0,0.0,238091.0,0.0,0.4199150743119584
2022-08-01,KS,137534.0,100085.0,0.0,237619.0,0.0,0.4211994830290509
2022-09-01,KS,128523.0,94776.0,0.0,223299.0,0.0,0.42443539808757075
2022-10-01,KS,133166.0,101954.0,0.0,235120.0,0.0,0.4336253825988323
2022-11-01,KS,126509.0,95631.0,0.0,222140.0,0.0,0.4304987843564874
2022-12-01,KS,118406.0,94252.0,0.0,212658.0,0.0,0.44320928418248584
2023-01-01,KS,115975.0,94497.0,0.0,210472.0,0.0,0.4489765857458585
2023-02-01,KS,99999.0,84112.0,0.0,184111.0,0.0,0.45685483189116627
2023-03-01,KS,145768.0,94028.0,0.0,239796.0,0.0,0.39211663230741267
2023-04-01,KS,128349.0,96939.0,0.0,225288.0,0.0,0.43028922959487886
2023-05-01,KS,127312.0,99099.0,0.0,226411.0,0.0,0.43769516479424797
2023-06-01,KS,109490.0,90510.0,0.0,200000.0,0.0,0.452549999773725
2023-07-01,KS,125553.0,90990.0,0.0,216543.0,0.0,0.4201936795831804
2023-08-01,KS,123674.0,90365.0,0.0,214039.0,0.0,0.42218941388149384
2023-09-01,KS,103354.0,86801.0,0.0,190155.0,0.0,0.4564749806965502
2023-10-01,KS,131394.0,91803.0,0.0,223197.0,0.0,0.4113092916072755
2023-11-01,KS,128402.0,86318.0,0.0,214720.0,0.0,0.4020026078604682
2023-12-01,KS,129124.0,92874.0,0.0,221998.0,0.0,0.4183551201279493
2024-01-01,KS,113037.0,83824.0,0.0,196861.0,0.0,0.4258029775192633
2024-02-01,KS,111912.0,84587.0,0.0,196499.0,0.0,0.4304703838541314
2024-03-01,KS,117652.0,89392.0,0.0,207044.0,0.0,0.4317536366995645
2024-04-01,KS,104193.0,84426.0,0.0,188619.0,0.0,0.44760071867224366
2024-05-01,KS,117763.0,87232.0,0.0,204995.0,0.0,0.4255323298492488
2024-06-01,KS,116545.0,84624.0,0.0,201169.0,0.0,0.4206612348718434
2024-07-01,KS,122684.0,85479.0,0.0,208163.0,0.0,0.4106349349256905
2024-08-01,KS,118797.0,86414.0,0.0,205211.0,0.0,0.4210982839998351
2024-09-01,KS,118589.0,82968.0,0.0,201557.0,0.0,0.4116354180645498
2024-10-01,KS,127342.0,84667.0,0.0,212009.0,0.0,0.3993556875418705
2024-11-01,KS,122124.0,82310.0,0.0,204434.0,0.0,0.40262382949870185
2024-12-01,KS,125392.0,85500.0,0.0,210892.0,0.0,0.4054207839057808
2025-01-01,KS,119069.0,80627.0,0.0,199696.0,0.0,0.40374869781881023
2025-02-01,KS,101260.0,72389.0,0.0,173649.0,0.0,0.41686966212482096
2025-03-01,KS,126173.0,87039.0,0.0,213212.0,0.0,0.40822749169454464
2025-04-01,KS,123454.0,84227.0,0.0,207681.0,0.0,0.40555948767313355
2025-05-01,KS,132814.0,84501.0,0.0,217315.0,0.0,0.38884108304128057
2015-01-01,KY,558.0,9763.0,0.0,10321.0,0.0,0.9459354622039002
2015-02-01,KY,1180.0,9178.0,0.0,10358.0,0.0,0.8860783849577295
2015-03-01,KY,3910.0,9989.0,0.0,13899.0,0.0,0.7186847922966776
2015-04-01,KY,5345.0,9595.0,0.0,14940.0,0.0,0.6422356048043133
2015-05-01,KY,3610.0,9741.0,0.0,13351.0,0.0,0.7296082635786962
2015-06-01,KY,4320.0,9915.0,0.0,14235.0,0.0,0.6965226505337363
2015-07-01,KY,3244.0,9783.0,0.0,13027.0,0.0,0.7509787307056212
2015-08-01,KY,1586.0,9717.0,0.0,11303.0,0.0,0.8596832623225404
2015-09-01,KY,3202.0,8937.0,0.0,12139.0,0.0,0.7362220880120102
2015-10-01,KY,3490.0,9398.0,0.0,12888.0,0.0,0.7292054567876672
2015-11-01,KY,2552.0,8274.0,0.0,10826.0,0.0,0.7642711919058638
2015-12-01,KY,2991.0,10802.0,0.0,13793.0,0.0,0.783150867953666
2016-01-01,KY,3738.0,11005.0,0.0,14743.0,0.0,0.7464559401312084
2016-02-01,KY,3210.0,10082.0,0.0,13292.0,0.0,0.7585013484915638
2016-03-01,KY,2185.0,10615.0,0.0,12800.0,0.0,0.8292968685211183
2016-04-01,KY,3264.0,10294.0,0.0,13558.0,0.0,0.7592565219113695
2016-05-01,KY,2463.0,11138.0,0.0,13601.0,0.0,0.8189103682162314
2016-06-01,KY,2736.0,9654.0,0.0,12390.0,0.0,0.7791767491591869
2016-07-01,KY,2511.0,10181.0,0.0,12692.0,0.0,0.8021588338941158
2016-08-01,KY,2494.0,10599.0,0.0,13093.0,0.0,0.8095165293705299
2016-09-01,KY,2410.0,10116.0,0.0,12526.0,0.0,0.807600185154078
2016-10-01,KY,2471.0,10618.0,0.0,13089.0,0.0,0.8112155182885208
2016-11-01,KY,2215.0,10556.0,0.0,12771.0,0.0,0.8265601689252199
2016-12-01,KY,2429.0,10082.0,0.0,12511.0,0.0,0.8058508448097607
2017-01-01,KY,2056.0,10088.0,0.0,12144.0,0.0,0.8306982803796256
2017-02-01,KY,2237.0,9327.0,0.0,11564.0,0.0,0.8065548183452541
2017-03-01,KY,1594.0,7099.0,0.0,8693.0,0.0,0.8166340639982278
2017-04-01,KY,1668.0,7450.0,0.0,9118.0,0.0,0.8170651369043087
2017-05-01,KY,1349.0,8109.0,0.0,9458.0,0.0,0.8573694136459145
2017-06-01,KY,1122.0,7309.0,0.0,8431.0,0.0,0.866919690820547
2017-07-01,KY,1245.0,7689.0,0.0,8934.0,0.0,0.8606447183720091
2017-08-01,KY,70.0,7024.0,0.0,7094.0,0.0,0.9901324923860658
2017-09-01,KY,1097.0,7133.0,0.0,8230.0,0.0,0.8667071583632181
2017-10-01,KY,1528.0,7685.0,0.0,9213.0,0.0,0.834147391358435
2017-11-01,KY,1397.0,7337.0,0.0,8734.0,0.0,0.8400503682155901
2017-12-01,KY,1810.0,6933.0,0.0,8743.0,0.0,0.7929772298641516
2018-01-01,KY,1910.0,7745.0,0.0,9655.0,0.0,0.8021750305315896
2018-02-01,KY,1393.0,7415.0,0.0,8808.0,0.0,0.841848310151586
2018-03-01,KY,1787.0,7368.0,0.0,9155.0,0.0,0.8048061080851326
2018-04-01,KY,1660.0,7610.0,0.0,9270.0,0.0,0.8209277149845986
2018-05-01,KY,1594.0,7968.0,0.0,9562.0,0.0,0.8332984644080897
2018-06-01,KY,1631.0,8086.0,0.0,9717.0,0.0,0.8321498319218913
2018-07-01,KY,1636.0,8335.0,0.0,9971.0,0.0,0.8359241717388008
2018-08-01,KY,1715.0,8046.0,0.0,9761.0,0.0,0.8243007804087616
2018-09-01,KY,1590.0,7967.0,0.0,9557.0,0.0,0.8336297914237754
2018-10-01,KY,1684.0,8407.0,0.0,10091.0,0.0,0.8331186122969121
2018-11-01,KY,1667.0,6517.0,0.0,8184.0,0.0,0.7963098631926947
2018-12-01,KY,1817.0,8329.0,0.0,10146.0,0.0,0.8209146380749592
2019-01-01,KY,1943.0,9540.0,0.0,11483.0,0.0,0.830793339451421
2019-02-01,KY,1947.0,8635.0,0.0,10582.0,0.0,0.8160083082970299
2019-03-01,KY,1775.0,6062.0,0.0,7837.0,0.0,0.7735102619176948
2019-04-01,KY,1628.0,5663.0,0.0,7291.0,0.0,0.7767110029253737
2019-05-01,KY,1943.0,6814.0,0.0,8757.0,0.0,0.7781203519684784
2019-06-01,KY,1623.0,6529.0,0.0,8152.0,0.0,0.8009077428740463
2019-07-01,KY,1585.0,7289.0,0.0,8874.0,0.0,0.8213883161889981
2019-08-01,KY,1636.0,6184.0,0.0,7820.0,0.0,0.79079282876224
2019-09-01,KY,1515.0,6323.0,0.0,7838.0,0.0,0.8067108853443368
2019-10-01,KY,1864.0,6228.0,0.0,8092.0,0.0,0.7696490265737885
2019-11-01,KY,1549.0,7069.0,0.0,8618.0,0.0,0.8202599115773972
2019-12-01,KY,1625.0,6220.0,0.0,7845.0,0.0,0.7928616852407688
2020-01-01,KY,1582.0,6607.0,0.0,8189.0,0.0,0.8068140089533031
2020-02-01,KY,1483.0,7308.0,0.0,8791.0,0.0,0.831304734031342
2020-03-01,KY,1790.0,6035.0,0.0,7825.0,0.0,0.7712459965335975
2020-04-01,KY,1404.0,6594.0,0.0,7998.0,0.0,0.8244561037202287
2020-05-01,KY,1497.0,6749.0,0.0,8246.0,0.0,0.8184574239818406
2020-06-01,KY,1608.0,6174.0,0.0,7782.0,0.0,0.7933693036061513
2020-07-01,KY,1564.0,7155.0,0.0,8719.0,0.0,0.8206216215090995
2020-08-01,KY,1465.0,7124.0,0.0,8589.0,0.0,0.829432986035243
2020-09-01,KY,1266.0,6243.0,0.0,7509.0,0.0,0.8314023061472592
2020-10-01,KY,1518.0,7160.0,0.0,8678.0,0.0,0.8250748925435021
2020-11-01,KY,1465.0,6973.0,0.0,8438.0,0.0,0.826380649130355
2020-12-01,KY,1489.0,6571.0,0.0,8060.0,0.0,0.8152605357908121
2021-01-01,KY,1988.0,6000.0,0.0,7988.0,0.0,0.7511266806318643
2021-02-01,KY,1296.0,6487.0,0.0,7783.0,0.0,0.8334832219776022
2021-03-01,KY,1495.0,5864.0,0.0,7359.0,0.0,0.7968473869160567
2021-04-01,KY,1388.0,6427.0,0.0,7815.0,0.0,0.8223928237697655
2021-05-01,KY,1409.0,5223.0,0.0,6632.0,0.0,0.7875452233482324
2021-06-01,KY,1677.0,5521.0,0.0,7198.0,0.0,0.7670186056263044
2021-07-01,KY,1489.0,6856.0,0.0,8345.0,0.0,0.8215697924317581
2021-08-01,KY,1414.0,6206.0,0.0,7620.0,0.0,0.8144356848499253
2021-09-01,KY,1327.0,6761.0,0.0,8088.0,0.0,0.8359297621670405
2021-10-01,KY,1535.0,6403.0,0.0,7938.0,0.0,0.8066263440838203
2021-11-01,KY,1435.0,6496.0,0.0,7931.0,0.0,0.8190644203875372
2021-12-01,KY,1604.0,6359.0,0.0,7963.0,0.0,0.7985683687232403
2022-01-01,KY,1422.0,6094.0,0.0,7516.0,0.0,0.810803608158547
2022-02-01,KY,1274.0,6043.0,0.0,7317.0,0.0,0.8258849142287151
2022-03-01,KY,1375.0,5696.0,0.0,7071.0,0.0,0.8055437589372966
2022-04-01,KY,1345.0,6613.0,0.0,7958.0,0.0,0.8309876749059101
2022-05-01,KY,1368.0,6359.0,0.0,7727.0,0.0,0.8229584467068921
2022-06-01,KY,1371.0,5472.0,0.0,6843.0,0.0,0.7996492649474022
2022-07-01,KY,1386.0,4312.0,0.0,5698.0,0.0,0.7567567434756626
2022-08-01,KY,1506.0,7732.0,0.0,9238.0,0.0,0.836977691740878
2022-09-01,KY,1371.0,5574.0,0.0,6945.0,0.0,0.8025917811001904
2022-10-01,KY,1547.0,5033.0,0.0,6580.0,0.0,0.7648936053967537
2022-11-01,KY,1463.0,5393.0,0.0,6856.0,0.0,0.7866102569047512
2022-12-01,KY,1562.0,5339.0,0.0,6901.0,0.0,0.7736559806744532
2023-01-01,KY,1385.0,5176.0,0.0,6561.0,0.0,0.788904118443772
2023-02-01,KY,1261.0,5355.0,0.0,6616.0,0.0,0.8094014387938113
2023-03-01,KY,1591.0,5185.0,0.0,6776.0,0.0,0.7652006970897182
2023-04-01,KY,1302.0,4474.0,0.0,5776.0,0.0,0.77458447412423
2023-05-01,KY,1403.0,5289.0,0.0,6692.0,0.0,0.7903466707957759
2023-06-01,KY,1284.0,5651.0,0.0,6935.0,0.0,0.8148521872407759
2023-07-01,KY,1290.0,5537.0,0.0,6827.0,0.0,0.8110443707185532
2023-08-01,KY,1481.0,4504.0,0.0,5985.0,0.0,0.7525480241846613
2023-09-01,KY,1268.0,6703.0,0.0,7971.0,0.0,0.8409233365835738
2023-10-01,KY,1333.0,6202.0,0.0,7535.0,0.0,0.8230922253073361
2023-11-01,KY,1305.0,5938.0,0.0,7243.0,0.0,0.8198260276152695
2023-12-01,KY,1379.0,5664.0,0.0,7043.0,0.0,0.8042027430895535
2024-01-01,KY,1337.0,6831.0,0.0,8168.0,0.0,0.8363124285466157
2024-02-01,KY,1223.0,5916.0,0.0,7139.0,0.0,0.8286874796373794
2024-03-01,KY,1599.0,5072.0,0.0,6671.0,0.0,0.7603057898320223
2024-04-01,KY,1355.0,5768.0,0.0,7123.0,0.0,0.8097711524670623
2024-05-01,KY,1408.0,5469.0,0.0,6877.0,0.0,0.7952595492909764
2024-06-01,KY,1241.0,5179.0,0.0,6420.0,0.0,0.8066978067492553
2024-07-01,KY,1419.0,5710.0,0.0,7129.0,0.0,0.8009538392347617
2024-08-01,KY,1377.0,6058.0,0.0,7435.0,0.0,0.8147948780794233
2024-09-01,KY,1212.0,3215.0,0.0,4427.0,0.0,0.7262254184272551
2024-10-01,KY,1211.0,5564.0,0.0,6775.0,0.0,0.8212546004242863
2024-11-01,KY,1200.0,5246.0,0.0,6446.0,0.0,0.8138380264685382
2024-12-01,KY,1428.0,4327.0,0.0,5755.0,0.0,0.7518679278563348
2025-01-01,KY,1270.0,3107.0,0.0,4377.0,0.0,0.7098469109013728
2025-02-01,KY,1147.0,3238.0,0.0,4385.0,0.0,0.7384264369800128
2025-03-01,KY,1444.0,3054.0,0.0,4498.0,0.0,0.6789684153186213
2025-04-01,KY,1212.0,3231.0,0.0,4443.0,0.0,0.7272113273191239
2025-05-01,KY,1223.0,2171.0,0.0,3394.0,0.0,0.6396582015421861
2015-01-01,LA,279356.0,736308.0,1392.0,1017056.0,0.0013686561997206983,0.7239601358505373
2015-02-01,LA,244150.0,676126.0,773.0,921049.0,0.0008392604518500905,0.7340825514457882
2015-03-01,LA,248406.0,738071.0,1020.0,987497.0,0.0010329145302686576,0.7474159414410965
2015-04-01,LA,251410.0,763151.0,947.0,1015508.0,0.0009325381975393066,0.7514967877405696
2015-05-01,LA,395222.0,648370.0,1100.0,1044692.0,0.0010529419196229183,0.620632684023556
2015-06-01,LA,615780.0,628970.0,1167.0,1245917.0,0.0009366595045306661,0.5048249602096427
2015-07-01,LA,1297266.0,623088.0,6701.0,1927055.0,0.0034773268015973946,0.32333690526096365
2015-08-01,LA,1339586.0,630432.0,10329.0,1980347.0,0.005215752592590301,0.3183442093573326
2015-09-01,LA,1232388.0,593408.0,9264.0,1835060.0,0.005048336293906012,0.32337253276059785
2015-10-01,LA,638194.0,583914.0,8019.0,1230127.0,0.006518839111204059,0.47467781778022283
2015-11-01,LA,1184619.0,583174.0,8882.0,1776675.0,0.004999226082147876,0.32823898572737054
2015-12-01,LA,1088849.0,621506.0,7487.0,1717842.0,0.00435837521702471,0.361794623698699
2016-01-01,LA,397190.0,903252.0,3662.0,1304104.0,0.0028080582528074403,0.6926226742121316
2016-02-01,LA,381695.0,962764.0,4369.0,1348828.0,0.0032391083219477125,0.7137781836739912
2016-03-01,LA,385310.0,767146.0,1743.0,1154199.0,0.0015101381996076811,0.6646566146163134
2016-04-01,LA,178416.0,665416.0,1720.0,845552.0,0.0020341741250645526,0.7869604706999735
2016-05-01,LA,189324.0,639572.0,2058.0,830954.0,0.002476671391860841,0.7696840016692039
2016-06-01,LA,177270.0,594436.0,2504.0,774210.0,0.0032342646047927226,0.7677968508844116
2016-07-01,LA,197754.0,581861.0,1568.0,781183.0,0.0020072121382560537,0.7448459578940088
2016-08-01,LA,201559.0,576964.0,1333.0,779856.0,0.0017092899199712141,0.7398340205448398
2016-09-01,LA,207722.0,565716.0,2524.0,775962.0,0.0032527366026618913,0.7290511647826761
2016-10-01,LA,231825.0,577508.0,1559.0,810892.0,0.0019225741526710618,0.7121885527650799
2016-11-01,LA,218412.0,626361.0,1576.0,846349.0,0.001862115982666475,0.74007413008817
2016-12-01,LA,219850.0,661713.0,1604.0,883167.0,0.001816191048599394,0.7492501417343209
2017-01-01,LA,211060.0,673555.0,2346.0,886961.0,0.0026449866451123574,0.7593964108050527
2017-02-01,LA,108652.0,675191.0,1370.0,785213.0,0.001744749513603984,0.8598826049925457
2017-03-01,LA,104015.0,742813.0,1632.0,848460.0,0.001923484901831143,0.8754838176371917
2017-04-01,LA,196120.0,602284.0,1887.0,800291.0,0.002357892316375182,0.752581248476794
2017-05-01,LA,197441.0,603071.0,1508.0,802020.0,0.001880252362549531,0.7519401011506023
2017-06-01,LA,199255.0,604231.0,2622.0,806108.0,0.0032526658954814165,0.7495658149094705
2017-07-01,LA,199975.0,585359.0,1895.0,787229.0,0.0024071775808046734,0.7435688979009197
2017-08-01,LA,90954.0,747085.0,2728.0,840767.0,0.0032446563669548574,0.8885755505522249
2017-09-01,LA,82864.0,920777.0,1908.0,1005549.0,0.0018974709335997082,0.9156958038926303
2017-10-01,LA,71215.0,947651.0,3446.0,1022312.0,0.0033707909128161666,0.9269684791994061
2017-11-01,LA,77136.0,1029469.0,3488.0,1110093.0,0.0031420790867844333,0.9273718507433726
2017-12-01,LA,76395.0,993864.0,2935.0,1073194.0,0.0027348270673582943,0.9260804662599603
2018-01-01,LA,135352.0,834316.0,2762.0,972430.0,0.00284030727118247,0.857970239414871
2018-02-01,LA,73191.0,797984.0,3400.0,874575.0,0.0038876025493653947,0.9124248919861162
2018-03-01,LA,178442.0,912781.0,2830.0,1094053.0,0.0025867119780680907,0.8343115003720741
2018-04-01,LA,215513.0,866344.0,2198.0,1084055.0,0.0020275724015822467,0.7991697837472111
2018-05-01,LA,253993.0,925448.0,2870.0,1182311.0,0.0024274492919014157,0.7827449798925371
2018-06-01,LA,221475.0,862424.0,4401.0,1088300.0,0.004043921712391443,0.7924506109719331
2018-07-01,LA,195463.0,857035.0,2143.0,1054641.0,0.002031971068635491,0.8126319761120009
2018-08-01,LA,144868.0,827706.0,2415.0,974989.0,0.0024769510217574815,0.8489388084533325
2018-09-01,LA,117857.0,811237.0,1971.0,931065.0,0.0021169306114914715,0.871300070255965
2018-10-01,LA,153345.0,829353.0,2746.0,985444.0,0.0027865611843203106,0.8416033786961408
2018-11-01,LA,123210.0,754290.0,2970.0,880470.0,0.003373198405014004,0.8566901767400719
2018-12-01,LA,133154.0,812817.0,2834.0,948805.0,0.002986915119230304,0.8566744482947841
2019-01-01,LA,131916.0,818173.0,7296.0,957385.0,0.007620758628177718,0.8545914129786251
2019-02-01,LA,112745.0,861752.0,2332.0,976829.0,0.0023873165106290542,0.8821933008866247
2019-03-01,LA,102243.0,1373130.0,3213.0,1478586.0,0.0021730220628240074,0.9286778042718734
2019-04-01,LA,104885.0,1487469.0,2560.0,1594914.0,0.0016051022185769826,0.9326327312361272
2019-05-01,LA,100463.0,1835008.0,2758.0,1938229.0,0.0014229484750551689,0.9467446828549803
2019-06-01,LA,110810.0,1785974.0,2802.0,1899586.0,0.0014750582494567207,0.9401911784493994
2019-07-01,LA,105241.0,1872060.0,2802.0,1980103.0,0.0014150779024416872,0.9454356666827213
2019-08-01,LA,109983.0,1795421.0,2936.0,1908340.0,0.0015385099090550682,0.9408286782784604
2019-09-01,LA,103121.0,1609269.0,2779.0,1715169.0,0.0016202485001990913,0.938256813122307
2019-10-01,LA,106029.0,1565806.0,3062.0,1674897.0,0.0018281721203257171,0.9348670395293043
2019-11-01,LA,107247.0,2075004.0,6380.0,2188631.0,0.002915064256929786,0.9480830710636886
2019-12-01,LA,104404.0,2446093.0,8805.0,2559302.0,0.0034403911690202883,0.9557656735721004
2020-01-01,LA,97907.0,2332524.0,9964.0,2440395.0,0.004082945588559109,0.955797729426761
2020-02-01,LA,87208.0,2163409.0,9924.0,2260541.0,0.004390099537925209,0.9570315247121362
2020-03-01,LA,85111.0,2274113.0,8921.0,2368145.0,0.003767083518797748,0.960292971884733
2020-04-01,LA,87321.0,2112008.0,6414.0,2205743.0,0.0029078636993109417,0.9575041153499069
2020-05-01,LA,84237.0,2007536.0,3505.0,2095278.0,0.001672809049602353,0.9581239338666218
2020-06-01,LA,82537.0,1891985.0,3201.0,1977723.0,0.0016185279737547407,0.9566481250935217
2020-07-01,LA,86681.0,1777630.0,2705.0,1867016.0,0.0014488360034703056,0.952123602531948
2020-08-01,LA,74892.0,1700720.0,2650.0,1778262.0,0.0014902191014884072,0.9563945019937222
2020-09-01,LA,67015.0,1307264.0,1808.0,1376087.0,0.0013138704165278888,0.949986447008802
2020-10-01,LA,72624.0,1417335.0,2302.0,1492261.0,0.001542625586171412,0.9497902846117542
2020-11-01,LA,79827.0,1386169.0,2286.0,1468282.0,0.0015569216266659318,0.9440754568302222
2020-12-01,LA,89000.0,1396403.0,2233.0,1487636.0,0.0015010392326146287,0.9386724977791158
2021-01-01,LA,84193.0,1299986.0,3246.0,1387425.0,0.002339585923394808,0.9369774942114364
2021-02-01,LA,75311.0,1051206.0,3290.0,1129807.0,0.002912001784117818,0.9304297104788313
2021-03-01,LA,450429.0,896388.0,4056.0,1350873.0,0.003002502825728066,0.6635620076303573
2021-04-01,LA,440159.0,950379.0,4843.0,1395381.0,0.0034707366659377805,0.6810892508439567
2021-05-01,LA,452402.0,994464.0,2509.0,1449375.0,0.0017310909873751725,0.6861329883097105
2021-06-01,LA,428198.0,1612241.0,2701.0,2043140.0,0.0013219847880555427,0.7890996211327124
2021-07-01,LA,412740.0,1606749.0,2747.0,2022236.0,0.0013583973383245874,0.7945407953970486
2021-08-01,LA,431490.0,1506504.0,2513.0,1940507.0,0.0012950223832588585,0.7763455632586563
2021-09-01,LA,411631.0,1406586.0,3093.0,1821310.0,0.001698228198291437,0.7722935688722791
2021-10-01,LA,429128.0,1481719.0,3338.0,1914185.0,0.0017438230891087421,0.7740730388769073
2021-11-01,LA,419596.0,1510849.0,2539.0,1932984.0,0.0013135132002482423,0.7816148503670173
2021-12-01,LA,439138.0,1537841.0,2943.0,1979922.0,0.0014864221923143223,0.776717971678848
2022-01-01,LA,426329.0,1480703.0,2915.0,1909947.0,0.0015262203610086446,0.775258685148056
2022-02-01,LA,390623.0,1246567.0,6284.0,1643474.0,0.00382360779642248,0.7584951145708119
2022-03-01,LA,577870.0,1578071.0,3417.0,2159358.0,0.0015824147732065544,0.7308056375677028
2022-04-01,LA,572748.0,3878578.0,3366.0,4454692.0,0.0007556077950898602,0.8706725403042305
2022-05-01,LA,614960.0,5565724.0,679.0,6181363.0,0.00010984632353560459,0.9004040047332538
2022-06-01,LA,560196.0,5282212.0,385.0,5842793.0,6.58931439113812e-05,0.9040559882764279
2022-07-01,LA,510415.0,6158594.0,450.0,6669459.0,6.747173946091472e-05,0.9234023329190059
2022-08-01,LA,541540.0,5726820.0,949.0,6269309.0,0.00015137234422244345,0.913469092033692
2022-09-01,LA,501015.0,4169371.0,309.0,4670695.0,6.615717789180931e-05,0.8926660807247602
2022-10-01,LA,480571.0,5142727.0,304.0,5623602.0,5.405787962850042e-05,0.9144898589744707
2022-11-01,LA,524960.0,6134805.0,378.0,6660143.0,5.675553813098675e-05,0.9211221140308681
2022-12-01,LA,500724.0,6120258.0,450.0,6621432.0,6.796112985728826e-05,0.9243103304402385
2023-01-01,LA,488592.0,5854427.0,260.0,6343279.0,4.0988264901465185e-05,0.9229338643165005
2023-02-01,LA,467994.0,5009560.0,118.0,5477672.0,2.1541998133120385e-05,0.9145417980318182
2023-03-01,LA,513881.0,6113936.0,187.0,6628004.0,2.8213622079464444e-05,0.9224399985135429
2023-04-01,LA,490779.0,5685936.0,49.0,6176764.0,7.932956479996112e-06,0.9205363844090444
2023-05-01,LA,509215.0,5486834.0,37.0,5996086.0,6.170692014654715e-06,0.9150692635009726
2023-06-01,LA,496398.0,5528230.0,539.0,6025167.0,8.945810132583117e-05,0.9175231159415578
2023-07-01,LA,560442.0,6008717.0,1032.0,6570191.0,0.0001570730592130872,0.9145422104027944
2023-08-01,LA,488418.0,5589975.0,1397.0,6079790.0,0.00022977767323822406,0.9194355396992423
2023-09-01,LA,561248.0,5773718.0,655.0,6335621.0,0.00010338370934588128,0.9113105092474548
2023-10-01,LA,518186.0,5821677.0,384.0,6340247.0,6.056546377356331e-05,0.9182098110543926
2023-11-01,LA,468625.0,5488832.0,444.0,5957901.0,7.452288985542856e-05,0.9212694202048461
2023-12-01,LA,485163.0,5826336.0,616.0,6312115.0,9.759011044479402e-05,0.9230402170916874
2024-01-01,LA,491175.0,5511186.0,744.0,6003105.0,0.00012393586318873423,0.9180559060533166
2024-02-01,LA,496383.0,5124556.0,158.0,5621097.0,2.810839236490478e-05,0.9116647515438416
2024-03-01,LA,490641.0,4987814.0,148.0,5478603.0,2.701418591515001e-05,0.9104171263931623
2024-04-01,LA,465444.0,4551539.0,181.0,5017164.0,3.6076157764903116e-05,0.9071935858403833
2024-05-01,LA,486324.0,4396545.0,362.0,4883231.0,7.413124629831906e-05,0.9003352493277436
2024-06-01,LA,450988.0,3860215.0,201.0,4311404.0,4.6620544025876015e-05,0.8953498674469998
2024-07-01,LA,467907.0,3830192.0,134.0,4298233.0,3.1175601694203744e-05,0.8911085089875047
2024-08-01,LA,443187.0,3513879.0,738.0,3957804.0,0.00018646704080883068,0.8878355269516167
2024-09-01,LA,415814.0,3236166.0,376.0,3652356.0,0.00010294724829389723,0.8860488955379474
2024-10-01,LA,439514.0,3438348.0,364.0,3878226.0,9.385734611407748e-05,0.8865775227929839
2024-11-01,LA,416385.0,3375510.0,890.0,3792785.0,0.0002346560640733747,0.889981899820581
2024-12-01,LA,433299.0,3658810.0,293.0,4092402.0,7.15960944190821e-05,0.8940495092883336
2025-01-01,LA,412657.0,3463556.0,308.0,3876521.0,7.945268450552821e-05,0.8934702017377574
2025-02-01,LA,406233.0,2946365.0,1159.0,3353757.0,0.0003455825809578457,0.8785266791577766
2025-03-01,LA,405144.0,3103621.0,744.0,3509509.0,0.0002119954671661479,0.8843462147871869
2025-04-01,LA,377262.0,2808231.0,64.0,3185557.0,2.0090678018943293e-05,0.8815510128721116
2025-05-01,LA,399119.0,2756191.0,218.0,3155528.0,6.908511031849234e-05,0.8734484371276868
2015-01-01,MI,89524.0,36821.0,0.0,126345.0,0.0,0.2914321894088154
2015-02-01,MI,85041.0,30551.0,0.0,115592.0,0.0,0.26430029736980043
2015-03-01,MI,95488.0,33590.0,0.0,129078.0,0.0,0.2602302481753434
2015-04-01,MI,87116.0,32345.0,0.0,119461.0,0.0,0.2707578203172937
2015-05-01,MI,91165.0,35298.0,0.0,126463.0,0.0,0.2791172119282974
2015-06-01,MI,88336.0,35048.0,0.0,123384.0,0.0,0.2840562793522205
2015-07-01,MI,92360.0,35464.0,0.0,127824.0,0.0,0.2774439852629835
2015-08-01,MI,93805.0,37162.0,0.0,130967.0,0.0,0.28375086832274476
2015-09-01,MI,87040.0,35629.0,0.0,122669.0,0.0,0.2904482792796482
2015-10-01,MI,89110.0,35924.0,0.0,125034.0,0.0,0.28731385040283935
2015-11-01,MI,86636.0,35013.0,0.0,121649.0,0.0,0.2878198749781586
2015-12-01,MI,87370.0,35865.0,0.0,123235.0,0.0,0.2910293339627303
2016-01-01,MI,61165.0,59576.0,3.0,120744.0,2.4845955057935833e-05,0.4934075395105284
2016-02-01,MI,77843.0,32570.0,3.0,110416.0,2.716997534128208e-05,0.29497536562185245
2016-03-01,MI,81140.0,36460.0,0.0,117600.0,0.0,0.3100340133418078
2016-04-01,MI,78238.0,35278.0,0.0,113516.0,0.0,0.3107755732136654
2016-05-01,MI,81889.0,35808.0,0.0,117697.0,0.0,0.30423885034942366
2016-06-01,MI,79007.0,35214.0,0.0,114221.0,0.0,0.30829707294779674
2016-07-01,MI,82063.0,32665.0,0.0,114728.0,0.0,0.284716895365807
2016-08-01,MI,81610.0,35989.0,0.0,117599.0,0.0,0.3060315136131842
2016-09-01,MI,72791.0,34352.0,0.0,107143.0,0.0,0.3206182388764378
2016-10-01,MI,74747.0,36910.0,0.0,111657.0,0.0,0.33056592929187967
2016-11-01,MI,78996.0,35541.0,0.0,114537.0,0.0,0.31030147436173333
2016-12-01,MI,79814.0,35961.0,0.0,115775.0,0.0,0.31061109884637345
2017-01-01,MI,78193.0,31641.0,1874.0,111708.0,0.016775879957768573,0.2832473947405312
2017-02-01,MI,70239.0,28799.0,1604.0,100642.0,0.015937680077961803,0.28615289810799377
2017-03-01,MI,77133.0,32012.0,1777.0,110922.0,0.016020266479129238,0.28859919557112274
2017-04-01,MI,75461.0,30683.0,1674.0,107818.0,0.015526164447934329,0.28458142398803404
2017-05-01,MI,80399.0,30752.0,1751.0,112902.0,0.015509025512826145,0.2723778141464475
2017-06-01,MI,75445.0,32342.0,1744.0,109531.0,0.015922432903997558,0.29527713588365195
2017-07-01,MI,77295.0,29576.0,1816.0,108687.0,0.01670852998361485,0.27212086057015017
2017-08-01,MI,75850.0,28435.0,1818.0,106103.0,0.017134294018892684,0.267994307165684
2017-09-01,MI,72251.0,32428.0,1805.0,106484.0,0.01695090340619163,0.3045340142138406
2017-10-01,MI,74324.0,33056.0,1786.0,109166.0,0.01636040523939651,0.3028049023479793
2017-11-01,MI,70244.0,30681.0,1630.0,102555.0,0.01589391056906644,0.2991663007175015
2017-12-01,MI,72020.0,31583.0,1689.0,105292.0,0.016041104722067104,0.29995631168563963
2018-01-01,MI,73864.0,31343.0,1744.0,106951.0,0.016306532882996386,0.2930594381604104
2018-02-01,MI,66686.0,27621.0,1538.0,95845.0,0.016046742118997606,0.28818404685879906
2018-03-01,MI,72284.0,26563.0,1738.0,100585.0,0.017278918310604047,0.26408510188985923
2018-04-01,MI,68783.0,24997.0,1630.0,95410.0,0.017084163067724385,0.26199559767110825
2018-05-01,MI,71697.0,25672.0,1639.0,99008.0,0.016554217824262463,0.2592921781479353
2018-06-01,MI,71049.0,25442.0,1626.0,98117.0,0.01657205171726403,0.2593026689979283
2018-07-01,MI,71936.0,26288.0,1688.0,99912.0,0.01689486746647563,0.26311153789023184
2018-08-01,MI,70917.0,30885.0,2758.0,104560.0,0.026377199668728767,0.2953806424106918
2018-09-01,MI,73450.0,32167.0,2687.0,108304.0,0.024809794629182858,0.2970065738135188
2018-10-01,MI,72522.0,31091.0,2702.0,106315.0,0.02541504018678922,0.29244227033584885
2018-11-01,MI,69786.0,29662.0,2638.0,102086.0,0.02584095759865118,0.29055894021652434
2018-12-01,MI,72044.0,30519.0,2896.0,105459.0,0.02746090895280544,0.2893920857495405
2019-01-01,MI,70110.0,26155.0,2729.0,98994.0,0.027567327284918956,0.2642079315269532
2019-02-01,MI,58761.0,22684.0,2481.0,83926.0,0.02956175675051622,0.2702857275811003
2019-03-01,MI,67585.0,24343.0,2784.0,94712.0,0.029394374493839876,0.2570212853101811
2019-04-01,MI,65060.0,23592.0,2480.0,91132.0,0.027213273024609057,0.2588772327405552
2019-05-01,MI,65664.0,25163.0,2588.0,93415.0,0.02770433011004193,0.26936787424999425
2019-06-01,MI,60545.0,25649.0,2439.0,88633.0,0.027517967317457415,0.28938431477058846
2019-07-01,MI,66800.0,25263.0,2580.0,94643.0,0.027260336182009934,0.2669294081264019
2019-08-01,MI,71103.0,23786.0,0.0,94889.0,0.0,0.2506718373566253
2019-09-01,MI,69895.0,21768.0,0.0,91663.0,0.0,0.23747858979361508
2019-10-01,MI,72457.0,25569.0,0.0,98026.0,0.0,0.26083896082586355
2019-11-01,MI,67066.0,23907.0,0.0,90973.0,0.0,0.26279225675443013
2019-12-01,MI,67026.0,23791.0,0.0,90817.0,0.0,0.2619663716463147
2020-01-01,MI,63105.0,22198.0,0.0,85303.0,0.0,0.260225314162192
2020-02-01,MI,63959.0,21354.0,0.0,85313.0,0.0,0.25030182943947366
2020-03-01,MI,66869.0,21936.0,0.0,88805.0,0.0,0.24701311835255546
2020-04-01,MI,59483.0,20950.0,0.0,80433.0,0.0,0.2604652316083383
2020-05-01,MI,60784.0,21446.0,0.0,82230.0,0.0,0.2608050586637419
2020-06-01,MI,60469.0,21167.0,0.0,81636.0,0.0,0.259285118992497
2020-07-01,MI,72314.0,21655.0,0.0,93969.0,0.0,0.23044833910071583
2020-08-01,MI,66599.0,21112.0,0.0,87711.0,0.0,0.24069956990491548
2020-09-01,MI,56905.0,21056.0,0.0,77961.0,0.0,0.2700837594821978
2020-10-01,MI,59930.0,21117.0,0.0,81047.0,0.0,0.26055251858729805
2020-11-01,MI,58238.0,20145.0,0.0,78383.0,0.0,0.25700725889924186
2020-12-01,MI,58813.0,20752.0,0.0,79565.0,0.0,0.26081819862902256
2021-01-01,MI,57216.0,20366.0,0.0,77582.0,0.0,0.26250934461278475
2021-02-01,MI,52418.0,18299.0,0.0,70717.0,0.0,0.2587638046597511
2021-03-01,MI,58552.0,20163.0,0.0,78715.0,0.0,0.2561519402195872
2021-04-01,MI,58859.0,19688.0,0.0,78547.0,0.0,0.2506524752687531
2021-05-01,MI,60275.0,19546.0,0.0,79821.0,0.0,0.24487290281395507
2021-06-01,MI,57522.0,19273.0,0.0,76795.0,0.0,0.2509668594948019
2021-07-01,MI,57577.0,19707.0,0.0,77284.0,0.0,0.25499456516873537
2021-08-01,MI,60204.0,19848.0,0.0,80052.0,0.0,0.24793883944443756
2021-09-01,MI,56405.0,19175.0,0.0,75580.0,0.0,0.25370468344310043
2021-10-01,MI,58801.0,20368.0,0.0,79169.0,0.0,0.2572724169090522
2021-11-01,MI,58532.0,19921.0,0.0,78453.0,0.0,0.2539227304833177
2021-12-01,MI,60251.0,19263.0,0.0,79514.0,0.0,0.24225922448592796
2022-01-01,MI,57500.0,19506.0,0.0,77006.0,0.0,0.2533049369486729
2022-02-01,MI,47772.0,16857.0,0.0,64629.0,0.0,0.26082718244003905
2022-03-01,MI,51101.0,20550.0,0.0,71651.0,0.0,0.2868068829649176
2022-04-01,MI,53106.0,19492.0,0.0,72598.0,0.0,0.2684922445955918
2022-05-01,MI,53590.0,19277.0,0.0,72867.0,0.0,0.264550482022657
2022-06-01,MI,49830.0,18488.0,0.0,68318.0,0.0,0.27061682093940564
2022-07-01,MI,48832.0,20711.0,0.0,69543.0,0.0,0.2978157394736843
2022-08-01,MI,49964.0,20642.0,0.0,70606.0,0.0,0.2923547569719928
2022-09-01,MI,51954.0,20254.0,0.0,72208.0,0.0,0.2804952355964779
2022-10-01,MI,52760.0,20608.0,0.0,73368.0,0.0,0.2808853992464216
2022-11-01,MI,50347.0,19276.0,0.0,69623.0,0.0,0.27686253066247857
2022-12-01,MI,54582.0,18914.0,0.0,73496.0,0.0,0.25734733828052225
2023-01-01,MI,52415.0,18209.0,0.0,70624.0,0.0,0.25783019900058024
2023-02-01,MI,44171.0,18586.0,0.0,62757.0,0.0,0.2961581970200007
2023-03-01,MI,48737.0,18832.0,0.0,67569.0,0.0,0.27870769098446374
2023-04-01,MI,46018.0,20471.0,0.0,66489.0,0.0,0.3078855144341387
2023-05-01,MI,47633.0,20177.0,0.0,67810.0,0.0,0.2975519830444595
2023-06-01,MI,46454.0,19041.0,0.0,65495.0,0.0,0.29072448234105736
2023-07-01,MI,48100.0,19635.0,0.0,67735.0,0.0,0.2898796777295642
2023-08-01,MI,48540.0,19549.0,0.0,68089.0,0.0,0.2871095180027471
2023-09-01,MI,47272.0,19266.0,0.0,66538.0,0.0,0.2895488288052709
2023-10-01,MI,47028.0,19722.0,0.0,66750.0,0.0,0.2954606737146656
2023-11-01,MI,48349.0,18564.0,0.0,66913.0,0.0,0.27743487771070663
2023-12-01,MI,52139.0,18557.0,0.0,70696.0,0.0,0.26249009807840595
2024-01-01,MI,48443.0,18313.0,0.0,66756.0,0.0,0.2743274008713413
2024-02-01,MI,43384.0,17179.0,0.0,60563.0,0.0,0.2836550364353565
2024-03-01,MI,43992.0,18415.0,0.0,62407.0,0.0,0.29507907719473925
2024-04-01,MI,42366.0,17994.0,0.0,60360.0,0.0,0.29811133151406344
2024-05-01,MI,42397.0,17755.0,0.0,60152.0,0.0,0.29516890494884807
2024-06-01,MI,40566.0,18216.0,0.0,58782.0,0.0,0.30989078236553574
2024-07-01,MI,41516.0,16750.0,0.0,58266.0,0.0,0.28747468457166325
2024-08-01,MI,40974.0,19013.0,0.0,59987.0,0.0,0.31695200573965693
2024-09-01,MI,40978.0,17434.0,0.0,58412.0,0.0,0.29846606810507076
2024-10-01,MI,43656.0,18483.0,0.0,62139.0,0.0,0.2974460478967379
2024-11-01,MI,41807.0,17050.0,0.0,58857.0,0.0,0.28968516864657534
2024-12-01,MI,40384.0,17727.0,0.0,58111.0,0.0,0.3050541200374213
2025-01-01,MI,34982.0,17331.0,0.0,52313.0,0.0,0.3312943239131873
2025-02-01,MI,30452.0,15704.0,0.0,46156.0,0.0,0.3402374548482593
2025-03-01,MI,26405.0,17789.0,0.0,44194.0,0.0,0.40252070325718264
2025-04-01,MI,23290.0,16856.0,0.0,40146.0,0.0,0.41986748263870005
2025-05-01,MI,23910.0,17151.0,0.0,41061.0,0.0,0.41769562256716686
2015-01-01,MS,17535.0,22242.0,1857.0,41634.0,0.044602968620351235,0.5342268325545785
2015-02-01,MS,17495.0,21109.0,1068.0,39672.0,0.026920750083381857,0.5320881212641457
2015-03-01,MS,8906.0,23483.0,1431.0,33820.0,0.04231224115224057,0.6943524521160483
2015-04-01,MS,14241.0,24422.0,3252.0,41915.0,0.07758558969918743,0.5826553725810442
2015-05-01,MS,15022.0,26855.0,2429.0,44306.0,0.0548232743763299,0.6061255798173485
2015-06-01,MS,15029.0,24279.0,1099.0,40407.0,0.027198257660310695,0.6008612354273735
2015-07-01,MS,12965.0,24904.0,574.0,38443.0,0.014931196798035543,0.6478162457461274
2015-08-01,MS,11371.0,25137.0,195.0,36703.0,0.005312917185753434,0.6848758938373543
2015-09-01,MS,9675.0,22300.0,771.0,32746.0,0.023544860369068405,0.6809992039302535
2015-10-01,MS,8358.0,22904.0,675.0,31937.0,0.021135360174295143,0.7171619102697125
2015-11-01,MS,7873.0,24859.0,641.0,33373.0,0.019207143441682967,0.744883586297655
2015-12-01,MS,8901.0,22314.0,1017.0,32232.0,0.03155249431759589,0.6922933708975758
2016-01-01,MS,4380.0,20035.0,86.0,24501.0,0.0035100607995181385,0.8177217223063478
2016-02-01,MS,3899.0,19528.0,69.0,23496.0,0.0029366700590029364,0.8311201871334687
2016-03-01,MS,4154.0,18384.0,2524.0,25062.0,0.10071023820640715,0.7335408158425472
2016-04-01,MS,4580.0,18190.0,11913.0,34683.0,0.3434823967261125,0.5244644335136395
2016-05-01,MS,4203.0,20158.0,17063.0,41424.0,0.4119109684919106,0.48662610929261757
2016-06-01,MS,13738.0,18304.0,4622.0,36664.0,0.12606371338079939,0.4992363067334816
2016-07-01,MS,21810.0,16829.0,53.0,38692.0,0.0013697922015667523,0.4349477917012618
2016-08-01,MS,25578.0,17373.0,251.0,43202.0,0.005809916194134725,0.4021341595247115
2016-09-01,MS,24479.0,13099.0,739.0,38317.0,0.019286478536194175,0.3418587041212551
2016-10-01,MS,8889.0,16662.0,13710.0,39261.0,0.3492014967800069,0.42439061556152263
2016-11-01,MS,8349.0,15749.0,13055.0,37153.0,0.3513848132011283,0.4238957811646549
2016-12-01,MS,9075.0,16032.0,11750.0,36857.0,0.31879968440513423,0.4349784289687755
2017-01-01,MS,7209.0,16368.0,7174.0,30751.0,0.23329322547789266,0.5322753714276759
2017-02-01,MS,6315.0,12752.0,1264.0,20331.0,0.06217106850538061,0.6272195139087132
2017-03-01,MS,6564.0,20816.0,5144.0,32524.0,0.15816012741925922,0.6400196758085731
2017-04-01,MS,4321.0,24465.0,6097.0,34883.0,0.17478427837403815,0.701344492442323
2017-05-01,MS,5335.0,26824.0,5935.0,38094.0,0.15579881305245233,0.7041528831203001
2017-06-01,MS,4887.0,22930.0,578.0,28395.0,0.020355696353739402,0.8075365352789697
2017-07-01,MS,5231.0,21001.0,1606.0,27838.0,0.05769092586503726,0.7544004570931803
2017-08-01,MS,4830.0,19840.0,2565.0,27235.0,0.0941802823786294,0.7284743868974687
2017-09-01,MS,4648.0,19327.0,2860.0,26835.0,0.10657723083071648,0.7202161329598802
2017-10-01,MS,4192.0,18407.0,2841.0,25440.0,0.11167452786291458,0.7235455946401509
2017-11-01,MS,4157.0,17405.0,2592.0,24154.0,0.10731141795432882,0.7205845792805142
2017-12-01,MS,3280.0,17837.0,2772.0,23889.0,0.11603666911115296,0.7466616403086708
2018-01-01,MS,3613.0,15498.0,2779.0,21890.0,0.12695294597097787,0.7079945148104407
2018-02-01,MS,4074.0,14550.0,2666.0,21290.0,0.12522310885287408,0.6834194425391289
2018-03-01,MS,4056.0,16715.0,2850.0,23621.0,0.12065534854301109,0.7076330354022563
2018-04-01,MS,4431.0,16069.0,2165.0,22665.0,0.0955217291174863,0.7089785982396708
2018-05-01,MS,6549.0,15009.0,2603.0,24161.0,0.10773560652400312,0.6212077288969508
2018-06-01,MS,4917.0,16015.0,2328.0,23260.0,0.10008598409249361,0.6885210632479748
2018-07-01,MS,3116.0,15039.0,2002.0,20157.0,0.09932033487463246,0.7460931649248739
2018-08-01,MS,4062.0,16110.0,2126.0,22298.0,0.09534487355213528,0.7224863184030571
2018-09-01,MS,1728.0,16840.0,1990.0,20558.0,0.09679929907189756,0.8191458273219874
2018-10-01,MS,3234.0,17198.0,2396.0,22828.0,0.10495882203890475,0.7533730473393505
2018-11-01,MS,4005.0,16535.0,2033.0,22573.0,0.09006334962094825,0.7325122902028428
2018-12-01,MS,3832.0,16120.0,1795.0,21747.0,0.08254012009684039,0.7412516634880596
2019-01-01,MS,3285.0,15241.0,1594.0,20120.0,0.07922465169371445,0.7575049664139912
2019-02-01,MS,3063.0,14333.0,1416.0,18812.0,0.07527110315080213,0.7619072891669822
2019-03-01,MS,5411.0,15383.0,1066.0,21860.0,0.04876486711452485,0.7037053947680448
2019-04-01,MS,3901.0,11178.0,615.0,15694.0,0.03918695017722091,0.7122467139528055
2019-05-01,MS,4139.0,16259.0,619.0,21017.0,0.02945234795902199,0.7736118343549896
2019-06-01,MS,4350.0,19911.0,183.0,24444.0,0.007486499723913844,0.8145557158625605
2019-07-01,MS,3247.0,23245.0,97.0,26589.0,0.0036481251508212976,0.8742337023798048
2019-08-01,MS,3300.0,24852.0,3.0,28155.0,0.0001065530097440845,0.8826851327199959
2019-09-01,MS,3299.0,21859.0,3.0,25161.0,0.00011923214451241149,0.8687651489656009
2019-10-01,MS,4031.0,24991.0,28.0,29050.0,0.0009638554183688281,0.860275384301978
2019-11-01,MS,2763.0,22662.0,40.0,25465.0,0.0015707834220664307,0.8899273477717363
2019-12-01,MS,2045.0,23290.0,61.0,25396.0,0.002401953054016565,0.9170735512794395
2020-01-01,MS,2426.0,21405.0,69.0,23900.0,0.002887029276623308,0.8956066908133611
2020-02-01,MS,3129.0,14592.0,67.0,17788.0,0.003766584192902045,0.8203283066093529
2020-03-01,MS,3752.0,12768.0,751.0,17271.0,0.043483295446220274,0.7392739231123042
2020-04-01,MS,3155.0,11484.0,1141.0,15780.0,0.07230671690553411,0.7277566493805029
2020-05-01,MS,2986.0,11702.0,1182.0,15870.0,0.07448015075941934,0.7373660949126271
2020-06-01,MS,2832.0,11137.0,1560.0,15529.0,0.10045720844576465,0.7171743143977442
2020-07-01,MS,2459.0,11261.0,1633.0,15353.0,0.10636357645825847,0.7334722807694114
2020-08-01,MS,2529.0,11926.0,1567.0,16022.0,0.09780302023590676,0.7443515120187773
2020-09-01,MS,2256.0,10312.0,1736.0,14304.0,0.12136465239538136,0.7209172209108137
2020-10-01,MS,2288.0,10437.0,1921.0,14646.0,0.13116209114323304,0.7126177747329115
2020-11-01,MS,2139.0,8656.0,1867.0,12662.0,0.1474490590155658,0.6836202757572242
2020-12-01,MS,2239.0,9890.0,1937.0,14066.0,0.13770794726497976,0.703113886654956
2021-01-01,MS,2040.0,10145.0,1968.0,14153.0,0.13905179015719785,0.7168091520044574
2021-02-01,MS,1808.0,9121.0,1612.0,12541.0,0.1285383930425134,0.7272944683255366
2021-03-01,MS,2149.0,9709.0,1906.0,13764.0,0.1384771858582012,0.7053908696208162
2021-04-01,MS,1930.0,10537.0,1821.0,14288.0,0.12744960717070544,0.7374719993178052
2021-05-01,MS,2047.0,10701.0,1861.0,14609.0,0.12738722617983966,0.7324936632726836
2021-06-01,MS,2240.0,9463.0,1798.0,13501.0,0.13317531936023022,0.700911038434849
2021-07-01,MS,2467.0,10360.0,1866.0,14693.0,0.12699925047982544,0.7050976607561583
2021-08-01,MS,2378.0,10383.0,1828.0,14589.0,0.1252998826149847,0.711700591461371
2021-09-01,MS,2138.0,10353.0,1733.0,14224.0,0.12183633210182557,0.7278543255915754
2021-10-01,MS,2286.0,10019.0,1777.0,14082.0,0.12618946082808224,0.7114756376120179
2021-11-01,MS,1839.0,9746.0,1706.0,13291.0,0.12835753420843027,0.7332781526350302
2021-12-01,MS,2624.0,10055.0,1738.0,14417.0,0.12055212512622512,0.697440516768811
2022-01-01,MS,2118.0,10886.0,1742.0,14746.0,0.11813373038021342,0.7382340923760065
2022-02-01,MS,2246.0,9534.0,1584.0,13364.0,0.11852738612296179,0.7134091535961602
2022-03-01,MS,1884.0,9767.0,1746.0,13397.0,0.13032768432986727,0.7290438103378084
2022-04-01,MS,1509.0,10988.0,1570.0,14067.0,0.11160872885754797,0.7811189252781764
2022-05-01,MS,1767.0,10804.0,1643.0,14214.0,0.11559026230765258,0.7600956749676681
2022-06-01,MS,1589.0,10898.0,1674.0,14161.0,0.11821198984385291,0.7695784141686434
2022-07-01,MS,2549.0,10620.0,1649.0,14818.0,0.11128357328058056,0.716695905542611
2022-08-01,MS,2263.0,10841.0,1680.0,14784.0,0.11363636286771941,0.733292743957706
2022-09-01,MS,1946.0,10190.0,1563.0,13699.0,0.11409591857729821,0.7438499106223089
2022-10-01,MS,1845.0,10880.0,1656.0,14381.0,0.11515193578226872,0.756553780984954
2022-11-01,MS,1779.0,10657.0,1659.0,14095.0,0.1177013116871138,0.7560837122661674
2022-12-01,MS,1915.0,9561.0,1686.0,13162.0,0.12809603306415415,0.7264093547606036
2023-01-01,MS,1751.0,8802.0,1607.0,12160.0,0.13215460417636016,0.7238486782578234
2023-02-01,MS,1436.0,9690.0,1372.0,12498.0,0.10977756353194461,0.7753240456447108
2023-03-01,MS,1928.0,9838.0,1528.0,13294.0,0.11493906939266535,0.7400330920713624
2023-04-01,MS,2143.0,9091.0,1507.0,12741.0,0.11827956896413494,0.7135232657285672
2023-05-01,MS,2543.0,9266.0,2405.0,14214.0,0.16919937970170693,0.6518924957654954
2023-06-01,MS,2128.0,8907.0,1098.0,12133.0,0.09049699092972067,0.7341135684981986
2023-07-01,MS,2391.0,9277.0,2604.0,14272.0,0.18245515567225928,0.6500140088984445
2023-08-01,MS,3192.0,9273.0,1612.0,14077.0,0.1145130346344176,0.6587341005986069
2023-09-01,MS,2826.0,8876.0,13995.0,25697.0,0.5446161009276721,0.3454099686912481
2023-10-01,MS,2981.0,9519.0,21902.0,34402.0,0.636649030182405,0.27669902832190274
2023-11-01,MS,2457.0,9421.0,20522.0,32400.0,0.633395059773472,0.29077160404082836
2023-12-01,MS,2340.0,10373.0,19085.0,31798.0,0.6001949789288792,0.3262154842247453
2024-01-01,MS,2382.0,9388.0,20411.0,32181.0,0.6342562361820445,0.2917249299533112
2024-02-01,MS,2146.0,8558.0,22222.0,32926.0,0.674907365987647,0.2599161748772515
2024-03-01,MS,1985.0,9632.0,25767.0,37384.0,0.6892520846103893,0.2576503310035033
2024-04-01,MS,3130.0,8553.0,26265.0,37948.0,0.6921313357960068,0.22538737159959057
2024-05-01,MS,2844.0,7995.0,27652.0,38491.0,0.7184017024280956,0.20771089291597805
2024-06-01,MS,3122.0,9078.0,25412.0,37612.0,0.6756354337029793,0.24135914005806888
2024-07-01,MS,3905.0,8751.0,25071.0,37727.0,0.6645373322433872,0.2319558930422353
2024-08-01,MS,3356.0,9496.0,11808.0,24660.0,0.47883211484658506,0.3850770462892253
2024-09-01,MS,3228.0,7905.0,4782.0,15915.0,0.30047125164642635,0.4967012221382267
2024-10-01,MS,2677.0,8561.0,7487.0,18725.0,0.3998397842465165,0.4571962592406074
2024-11-01,MS,2260.0,7479.0,9177.0,18916.0,0.48514484835512345,0.39537957075819635
2024-12-01,MS,3084.0,9438.0,9511.0,22033.0,0.43167067384527447,0.4283574618601304
2025-01-01,MS,2915.0,8757.0,6022.0,17694.0,0.34034135672916604,0.4949135272131031
2025-02-01,MS,2543.0,7596.0,1779.0,11918.0,0.1492700104944621,0.6373552556019865
2025-03-01,MS,3095.0,9012.0,1155.0,13262.0,0.08709093585363493,0.6795355098813489
2025-04-01,MS,2848.0,8494.0,2105.0,13447.0,0.15654049113898647,0.6316650507052499
2025-05-01,MS,3252.0,8567.0,4792.0,16611.0,0.2884835332702213,0.5157425771131022
2015-01-01,MT,174582.0,1028701.0,66866.0,1270149.0,0.052644217327837584,0.8099057668974343
2015-02-01,MT,154657.0,912393.0,58432.0,1125482.0,0.05191731186710073,0.8106686734385207
2015-03-01,MT,174154.0,995672.0,65869.0,1235695.0,0.05330522499052717,0.8057587025272612
2015-04-01,MT,171532.0,962670.0,63043.0,1197245.0,0.052656724392028634,0.8040710129669306
2015-05-01,MT,179535.0,967312.0,65748.0,1212595.0,0.05422090639873817,0.7977205908982207
2015-06-01,MT,163154.0,945295.0,64236.0,1172685.0,0.0547768582309165,0.8060945607041878
2015-07-01,MT,173059.0,969207.0,63895.0,1206161.0,0.05297385671954458,0.8035469559367657
2015-08-01,MT,160863.0,953027.0,64612.0,1178502.0,0.05482553274794395,0.8086766080321733
2015-09-01,MT,148441.0,913991.0,65542.0,1127974.0,0.058105949245451934,0.8102943861462858
2015-10-01,MT,151696.0,942237.0,61183.0,1155116.0,0.05296697474080811,0.8157076864301327
2015-11-01,MT,154055.0,883845.0,53016.0,1090916.0,0.04859769221016121,0.8101861187469809
2015-12-01,MT,163419.0,895133.0,46781.0,1105333.0,0.04232299225280318,0.8098310644113736
2016-01-01,MT,163032.0,889301.0,42619.0,1094952.0,0.0389231674046969,0.8121826344157385
2016-02-01,MT,153270.0,826012.0,40702.0,1019984.0,0.039904547518401806,0.8098283893855367
2016-03-01,MT,156499.0,875063.0,49879.0,1081441.0,0.046122719589314375,0.8091638840390586
2016-04-01,MT,154383.0,848715.0,46857.0,1049955.0,0.04462762689404521,0.8083346428362801
2016-05-01,MT,168082.0,871347.0,40062.0,1079491.0,0.03711193515859679,0.8071832001557045
2016-06-01,MT,166011.0,842757.0,25461.0,1034229.0,0.024618338876146548,0.8148649863023697
2016-07-01,MT,163005.0,861639.0,25516.0,1050160.0,0.024297249940552178,0.8204835452863865
2016-08-01,MT,156275.0,855444.0,27581.0,1039300.0,0.02653805445717906,0.8230963147480904
2016-09-01,MT,149554.0,832477.0,24294.0,1006325.0,0.024141306235645414,0.8272446773331434
2016-10-01,MT,158140.0,864976.0,22254.0,1045370.0,0.0212881563445203,0.8274352620768307
2016-11-01,MT,155862.0,850843.0,24442.0,1031147.0,0.02370370082794173,0.8251422929199094
2016-12-01,MT,152484.0,851839.0,23336.0,1027659.0,0.022707921594351053,0.828912119601063
2017-01-01,MT,148236.0,836148.0,23452.0,1007836.0,0.02326965895013974,0.8296468869111991
2017-02-01,MT,148153.0,756603.0,21446.0,926202.0,0.023154776169436606,0.8168876766820966
2017-03-01,MT,161864.0,844428.0,31000.0,1037292.0,0.02988550957397864,0.8140697122108269
2017-04-01,MT,160267.0,833255.0,27102.0,1020624.0,0.026554343222719205,0.8164172113514461
2017-05-01,MT,166586.0,855490.0,25967.0,1048043.0,0.024776655153960606,0.8162737596819717
2017-06-01,MT,166910.0,829406.0,25576.0,1021892.0,0.025028085157235005,0.8116376289459515
2017-07-01,MT,171018.0,857681.0,23082.0,1051781.0,0.021945633166795594,0.8154558790455945
2017-08-01,MT,169902.0,868004.0,25012.0,1062918.0,0.023531448331524023,0.8166236717398121
2017-09-01,MT,157115.0,838877.0,33664.0,1029656.0,0.032694414442037495,0.814715788494923
2017-10-01,MT,160079.0,860448.0,30790.0,1051317.0,0.029287075161032582,0.8184477183553155
2017-11-01,MT,160783.0,820894.0,29398.0,1011075.0,0.02907598348005084,0.8119021832394331
2017-12-01,MT,151745.0,821349.0,22255.0,995349.0,0.022358991668012026,0.8251869443958665
2018-01-01,MT,165857.0,808166.0,24779.0,998802.0,0.024808720845091548,0.809135344061272
2018-02-01,MT,146329.0,685458.0,26180.0,857967.0,0.030513994124422735,0.7989328259945974
2018-03-01,MT,162539.0,760079.0,25738.0,948356.0,0.027139597363528088,0.8014701229494546
2018-04-01,MT,157000.0,753734.0,27806.0,938540.0,0.02962686725876075,0.8030920364818663
2018-05-01,MT,154183.0,806141.0,35008.0,995332.0,0.035172183750228854,0.8099217144822108
2018-06-01,MT,157989.0,765056.0,30480.0,953525.0,0.0319656013180603,0.8023449830049192
2018-07-01,MT,165505.0,802662.0,27086.0,995253.0,0.027215190506613376,0.8064904098951231
2018-08-01,MT,166778.0,796720.0,42443.0,1005941.0,0.042192335331575875,0.7920146409389801
2018-09-01,MT,174464.0,767132.0,36904.0,978500.0,0.03771486969466379,0.7839877362509977
2018-10-01,MT,163243.0,782374.0,28558.0,974175.0,0.029315061459253722,0.8031144300764119
2018-11-01,MT,160307.0,749291.0,23574.0,933172.0,0.025262223895995358,0.8029505813716067
2018-12-01,MT,173953.0,773412.0,28633.0,975998.0,0.0293371502780398,0.7924319516236271
2019-01-01,MT,171924.0,765686.0,31911.0,969521.0,0.03291419164382059,0.7897570036348097
2019-02-01,MT,150184.0,639365.0,33947.0,823496.0,0.04122302961505302,0.7764032854104449
2019-03-01,MT,162099.0,700023.0,28914.0,891036.0,0.03244986734178531,0.7856281900186269
2019-04-01,MT,165840.0,725803.0,35853.0,927496.0,0.038655692311486446,0.7825403019762306
2019-05-01,MT,178783.0,757546.0,29571.0,965900.0,0.030614970490670364,0.7842902991216182
2019-06-01,MT,164010.0,731895.0,30743.0,926648.0,0.03317656758195382,0.7898306583740718
2019-07-01,MT,169312.0,749449.0,35053.0,953814.0,0.036750351741875215,0.7857391482211691
2019-08-01,MT,169354.0,755159.0,27377.0,951890.0,0.028760676125522838,0.7933259094230084
2019-09-01,MT,158328.0,739525.0,26439.0,924292.0,0.028604596812630143,0.8000988864125084
2019-10-01,MT,160813.0,753466.0,32844.0,947123.0,0.03467765010091851,0.7955313089434497
2019-11-01,MT,161990.0,706426.0,24834.0,893250.0,0.027801847184125178,0.7908491462870586
2019-12-01,MT,174712.0,719497.0,25805.0,920014.0,0.028048486215639275,0.782050055675017
2020-01-01,MT,164844.0,706903.0,27601.0,899348.0,0.03069001098232386,0.7860172034867463
2020-02-01,MT,149503.0,658885.0,24503.0,832891.0,0.02941921571617184,0.791081906180871
2020-03-01,MT,166668.0,697793.0,22487.0,886948.0,0.02535323378311319,0.7867349606981768
2020-04-01,MT,152616.0,690204.0,15921.0,858741.0,0.018539932294074708,0.8037394277432033
2020-05-01,MT,124136.0,721299.0,15626.0,861061.0,0.018147378638894648,0.8376862962278299
2020-06-01,MT,126710.0,694822.0,17088.0,838620.0,0.020376332543896362,0.828530204284595
2020-07-01,MT,148374.0,711804.0,15719.0,875897.0,0.017946174034396033,0.8126571959017262
2020-08-01,MT,148651.0,706362.0,17598.0,872611.0,0.020167061838532056,0.8094809713824969
2020-09-01,MT,139812.0,687377.0,20247.0,847436.0,0.023892069722800065,0.811125559828574
2020-10-01,MT,137573.0,699102.0,19073.0,855748.0,0.022288103504502717,0.8169484473446683
2020-11-01,MT,142511.0,659259.0,14788.0,816558.0,0.0181101648605353,0.8073633470240493
2020-12-01,MT,139811.0,669774.0,17922.0,827507.0,0.021657822831509847,0.809387715051427
2021-01-01,MT,150838.0,670627.0,31310.0,852775.0,0.03671542903618007,0.786405558232077
2021-02-01,MT,128472.0,576828.0,21220.0,726520.0,0.02920772999653035,0.793960248748285
2021-03-01,MT,147674.0,652391.0,26046.0,826111.0,0.03152845077337931,0.7897134887697037
2021-04-01,MT,141814.0,651529.0,27116.0,820459.0,0.03304979285582219,0.794103056850604
2021-05-01,MT,147141.0,668410.0,22699.0,838250.0,0.027079033697932714,0.7973874141607651
2021-06-01,MT,137068.0,646089.0,24703.0,807860.0,0.03057831802161534,0.799753670091383
2021-07-01,MT,149629.0,674432.0,20970.0,845031.0,0.024815657647492738,0.7981150986415747
2021-08-01,MT,145165.0,664031.0,22124.0,831320.0,0.026613097239737635,0.7987670210269491
2021-09-01,MT,146489.0,645167.0,20722.0,812378.0,0.025507830095656478,0.7941709400310976
2021-10-01,MT,152467.0,662601.0,19888.0,834956.0,0.02381921921348919,0.793575948817234
2021-11-01,MT,145260.0,625166.0,19996.0,790422.0,0.025297878851385985,0.7909268718746535
2021-12-01,MT,141375.0,632381.0,18423.0,792179.0,0.023256107518217967,0.7982804390424033
2022-01-01,MT,133790.0,617463.0,14986.0,766239.0,0.019557866407275293,0.8058360379978263
2022-02-01,MT,123752.0,561542.0,13955.0,699249.0,0.019957125427428984,0.8030644304385042
2022-03-01,MT,133234.0,619927.0,16548.0,769709.0,0.021499034047737647,0.8054043799922563
2022-04-01,MT,131177.0,609780.0,17580.0,758537.0,0.023176193116067355,0.8038895926231826
2022-05-01,MT,136214.0,645602.0,20863.0,802679.0,0.025991710257027817,0.8043090699016283
2022-06-01,MT,131215.0,614081.0,29938.0,775234.0,0.03861801726464294,0.7921234103777539
2022-07-01,MT,149310.0,640160.0,24845.0,814315.0,0.030510306204538748,0.7861331302031606
2022-08-01,MT,156293.0,656954.0,26014.0,839261.0,0.030996316994237036,0.7827767523115245
2022-09-01,MT,155376.0,632342.0,23754.0,811472.0,0.029272729061597603,0.7792530117146059
2022-10-01,MT,148933.0,637723.0,23645.0,810301.0,0.029180514397837285,0.787019885106026
2022-11-01,MT,136381.0,593292.0,19409.0,749082.0,0.025910380969518643,0.7920254390317716
2022-12-01,MT,130002.0,579271.0,13217.0,722490.0,0.018293678802710947,0.8017702666055212
2023-01-01,MT,130640.0,594687.0,17985.0,743312.0,0.024195761668828735,0.8000503152377401
2023-02-01,MT,116183.0,533946.0,15436.0,665565.0,0.02319232531410271,0.8022447092617183
2023-03-01,MT,131425.0,568477.0,14535.0,714437.0,0.020344690991599725,0.7956992707830504
2023-04-01,MT,136343.0,564166.0,14024.0,714533.0,0.019626805197292947,0.7895590545447784
2023-05-01,MT,139459.0,604278.0,19286.0,763023.0,0.02527577805318113,0.7919525360582902
2023-06-01,MT,86884.0,582049.0,20293.0,689226.0,0.02944317248196627,0.8444965800993439
2023-07-01,MT,124009.0,600198.0,19210.0,743417.0,0.025840140859592915,0.8073503833235788
2023-08-01,MT,140860.0,603643.0,23062.0,767565.0,0.030045663881228868,0.7864389334080581
2023-09-01,MT,146996.0,585016.0,21980.0,753992.0,0.029151502929851844,0.775891521292548
2023-10-01,MT,151781.0,592342.0,24680.0,768803.0,0.03210185183563256,0.770473059968487
2023-11-01,MT,138491.0,562047.0,29186.0,729724.0,0.03999594366637305,0.7702186030923721
2023-12-01,MT,150228.0,579146.0,19475.0,748849.0,0.026006578091710537,0.7733815494481022
2024-01-01,MT,137168.0,553769.0,13600.0,704537.0,0.01930345744520111,0.7860041416155569
2024-02-01,MT,138867.0,528715.0,15581.0,683163.0,0.022807148510266637,0.7739221824405125
2024-03-01,MT,144492.0,555858.0,17701.0,718051.0,0.024651452330732574,0.7741205010822184
2024-04-01,MT,140714.0,544966.0,17348.0,703028.0,0.024676115314798828,0.7751696944111516
2024-05-01,MT,142939.0,564547.0,28225.0,735711.0,0.038364249000169326,0.7673488637838297
2024-06-01,MT,139417.0,538341.0,33783.0,711541.0,0.047478641420876856,0.7565846520781537
2024-07-01,MT,137588.0,550569.0,36711.0,724868.0,0.050645082959843025,0.7595438064917277
2024-08-01,MT,127560.0,562113.0,39364.0,729037.0,0.05399451604596276,0.7710349405076787
2024-09-01,MT,104232.0,534473.0,54920.0,693625.0,0.07917823030035276,0.7705503693248441
2024-10-01,MT,110707.0,548324.0,51386.0,710417.0,0.07233216546446213,0.7718340072419673
2024-11-01,MT,112396.0,519699.0,42055.0,674150.0,0.06238225913188723,0.7708952012503308
2024-12-01,MT,110379.0,532970.0,39884.0,683233.0,0.058375400477088286,0.7800706346473208
2025-01-01,MT,104306.0,527719.0,38712.0,670737.0,0.0577156172899787,0.7867748460593683
2025-02-01,MT,93668.0,451911.0,24959.0,570538.0,0.04374642880163172,0.7920787045223845
2025-03-01,MT,111770.0,525656.0,40680.0,678106.0,0.0599906209265232,0.7751826409477011
2025-04-01,MT,120921.0,528308.0,27618.0,676847.0,0.04080390397818061,0.7805427222429083
2025-05-01,MT,117326.0,554534.0,30920.0,702780.0,0.04399669881840737,0.7890577419976298
2015-01-01,ND,1461529.0,583177.0,758325.0,2803031.0,0.2705375002891321,0.20805228339579362
2015-02-01,ND,1361833.0,541369.0,573682.0,2476884.0,0.23161439937309886,0.2185685724394615
2015-03-01,ND,1720603.0,773153.0,596194.0,3089950.0,0.19294616417116958,0.25021537564523
2015-04-01,ND,1726479.0,691464.0,595924.0,3013867.0,0.19772737150651548,0.22942750956729588
2015-05-01,ND,1769364.0,690081.0,769262.0,3228707.0,0.2382569864581005,0.21373292775672328
2015-06-01,ND,2351951.0,406633.0,721073.0,3479657.0,0.20722530984498688,0.11686008132074914
2015-07-01,ND,2577735.0,362797.0,726137.0,3666669.0,0.19803723760726596,0.09894457339620935
2015-08-01,ND,2440963.0,334543.0,795574.0,3571080.0,0.22278246356220577,0.09368118328086514
2015-09-01,ND,2200945.0,343913.0,726475.0,3271333.0,0.22207308151685956,0.10512931578334797
2015-10-01,ND,2528874.0,384706.0,566667.0,3480247.0,0.1628237880770295,0.11053985535766457
2015-11-01,ND,2700983.0,359725.0,689949.0,3750657.0,0.18395417122429605,0.09590986325606661
2015-12-01,ND,3020370.0,374481.0,618707.0,4013558.0,0.15415424418547946,0.09330399610287671
2016-01-01,ND,2939827.0,366000.0,593648.0,3899475.0,0.1522379294609598,0.09385878868068499
2016-02-01,ND,2811780.0,341904.0,554875.0,3708559.0,0.14962010850711502,0.09219322113812418
2016-03-01,ND,3354087.0,389032.0,513768.0,4256887.0,0.12069101199724844,0.09138884823366492
2016-04-01,ND,2904072.0,365562.0,407624.0,3677258.0,0.11084998659025692,0.09941157242436045
2016-05-01,ND,2830717.0,375813.0,515804.0,3722334.0,0.13857004771365036,0.10096165470103001
2016-06-01,ND,2859570.0,343211.0,446289.0,3649070.0,0.12230212081099288,0.09405437549583719
2016-07-01,ND,2652723.0,377741.0,520829.0,3551293.0,0.1466589774443658,0.10636717386860597
2016-08-01,ND,2316064.0,389169.0,561117.0,3266350.0,0.17178716303605593,0.11914491710566398
2016-09-01,ND,2260891.0,306983.0,504916.0,3072790.0,0.1643184207132828,0.09990367060228966
2016-10-01,ND,3372308.0,375098.0,624980.0,4372386.0,0.14293797482329013,0.08578794278259541
2016-11-01,ND,3413991.0,369892.0,400165.0,4184048.0,0.09564063318356672,0.08840529553942963
2016-12-01,ND,2948613.0,316875.0,501711.0,3767199.0,0.13317878879949854,0.08411421854581842
2017-01-01,ND,3171235.0,321827.0,360843.0,3853905.0,0.09363048647816616,0.08350672888710266
2017-02-01,ND,3181623.0,250680.0,480828.0,3913131.0,0.12287551834776614,0.06406123382876625
2017-03-01,ND,3840295.0,276820.0,624530.0,4741645.0,0.13171167389942284,0.05838058310863887
2017-04-01,ND,3984280.0,280470.0,467962.0,4732712.0,0.0988781907688683,0.059262004532300676
2017-05-01,ND,4067803.0,264637.0,646533.0,4978973.0,0.12985268246825496,0.053150920881612516
2017-06-01,ND,3965164.0,243621.0,611100.0,4819885.0,0.1267872573696927,0.05054498188129914
2017-07-01,ND,4136268.0,285338.0,641361.0,5062967.0,0.12667690703639434,0.05635786288837439
2017-08-01,ND,4148419.0,250415.0,654220.0,5053054.0,0.12947021741446915,0.049557158897380535
2017-09-01,ND,3841101.0,261773.0,844871.0,4947745.0,0.1707588002176596,0.05290753666462383
2017-10-01,ND,4199998.0,291576.0,1064178.0,5555752.0,0.19154526695591262,0.05248182424175014
2017-11-01,ND,4428668.0,424759.0,696165.0,5549592.0,0.12544435698830753,0.07653877978639621
2017-12-01,ND,4535132.0,507510.0,555258.0,5597900.0,0.09919041068795101,0.0906607835064817
2018-01-01,ND,4179502.0,495430.0,806612.0,5481544.0,0.14715051087527253,0.09038146916105423
2018-02-01,ND,3807809.0,449911.0,632582.0,4890302.0,0.12935438342807143,0.09200065762621612
2018-03-01,ND,4092529.0,461134.0,592623.0,5146286.0,0.11515547328471143,0.08960520266286007
2018-04-01,ND,4085888.0,396746.0,771030.0,5253664.0,0.1467604323354756,0.07551796231971596
2018-05-01,ND,4578841.0,497668.0,861186.0,5937695.0,0.14503708930578219,0.08381501575807085
2018-06-01,ND,3915658.0,402103.0,846616.0,5164377.0,0.16393381040609672,0.0778608920286443
2018-07-01,ND,4149586.0,603313.0,1129224.0,5882123.0,0.19197558432232759,0.10256721935086079
2018-08-01,ND,4319580.0,652096.0,1068073.0,6039749.0,0.17684062698339217,0.10796740063025852
2018-09-01,ND,4140760.0,619279.0,1601498.0,6361537.0,0.2517470227674264,0.09734738632979188
2018-10-01,ND,4282185.0,778462.0,2193895.0,7254542.0,0.30241674801383167,0.10730684307696742
2018-11-01,ND,4048848.0,596168.0,2060966.0,6705982.0,0.3073324682304943,0.08890092457616348
2018-12-01,ND,4166330.0,814885.0,2144810.0,7126025.0,0.3009826656473843,0.11435337372357866
2019-01-01,ND,4290401.0,966106.0,2037882.0,7294389.0,0.2793766551210886,0.1324450889562862
2019-02-01,ND,3783639.0,852067.0,1878093.0,6513799.0,0.2883252921944886,0.13080953219264504
2019-03-01,ND,4535097.0,926152.0,2145712.0,7606961.0,0.2820721704727805,0.12175059133178479
2019-04-01,ND,4426571.0,789910.0,1906224.0,7122705.0,0.2676264143991977,0.11090028296678157
2019-05-01,ND,4545157.0,786456.0,1660775.0,6992388.0,0.23751184859539384,0.11247316367294731
2019-06-01,ND,4937293.0,700528.0,1730998.0,7368819.0,0.23490847040434962,0.09506652287028537
2019-07-01,ND,4943287.0,785535.0,1620203.0,7349025.0,0.2204650276707391,0.10688968944714586
2019-08-01,ND,5242017.0,960804.0,1470267.0,7673088.0,0.19161346774347415,0.12521738314319844
2019-09-01,ND,4779883.0,859060.0,1289475.0,6928418.0,0.18611391517968295,0.12399078692821376
2019-10-01,ND,5163613.0,862545.0,1406939.0,7433097.0,0.18928032285614893,0.11604113332415761
2019-11-01,ND,5273173.0,708200.0,1386512.0,7367885.0,0.18818317603778856,0.09611984986063002
2019-12-01,ND,5478882.0,776952.0,1506423.0,7762257.0,0.19407022982884914,0.10009356814519162
2020-01-01,ND,5552204.0,759438.0,1586310.0,7897952.0,0.20085080283849724,0.09615632001693405
2020-02-01,ND,5270885.0,908665.0,1110400.0,7289950.0,0.15231928888192212,0.12464625957483047
2020-03-01,ND,5545967.0,849396.0,1081819.0,7477182.0,0.1446827160266437,0.11359841180656566
2020-04-01,ND,5110555.0,644749.0,971324.0,6726628.0,0.14439983896620417,0.09585025364720852
2020-05-01,ND,4036957.0,305506.0,660763.0,5003226.0,0.132067390117255,0.061061802923532506
2020-06-01,ND,3546207.0,365998.0,503997.0,4416202.0,0.11412453506170858,0.08287619089699982
2020-07-01,ND,4366428.0,444034.0,483848.0,5294310.0,0.09139019059912643,0.08387004160912621
2020-08-01,ND,5809168.0,689607.0,581127.0,7079902.0,0.08208122089709602,0.09740346688277036
2020-09-01,ND,6120375.0,976443.0,742068.0,7838886.0,0.09466498173216621,0.124564000546448
2020-10-01,ND,6591588.0,1206893.0,872917.0,8671398.0,0.10066623628507576,0.1391809025472112
2020-11-01,ND,6429743.0,1313417.0,939452.0,8682612.0,0.10819923773965485,0.15126980221906416
2020-12-01,ND,6848536.0,1452884.0,736789.0,9038209.0,0.08151935853572849,0.1607491041625531
2021-01-01,ND,6892278.0,1527298.0,723324.0,9142900.0,0.07911319165604881,0.167047435713318
2021-02-01,ND,6260960.0,1384047.0,844835.0,8489842.0,0.09951127476695666,0.16302388195018208
2021-03-01,ND,7409418.0,1547737.0,1099236.0,10056391.0,0.10930720573504643,0.15390580974671822
2021-04-01,ND,7593670.0,1544789.0,1212715.0,10351174.0,0.11715724225950451,0.14923804777941865
2021-05-01,ND,7616604.0,1648202.0,1259869.0,10524675.0,0.11970621420500199,0.15660360058475342
2021-06-01,ND,7249488.0,1550003.0,1225362.0,10024853.0,0.12223241577584996,0.1546160327722051
2021-07-01,ND,7203904.0,1198016.0,1424337.0,9826257.0,0.14495214199928871,0.12191987243848884
2021-08-01,ND,7563076.0,1464190.0,1109426.0,10136692.0,0.109446553174256,0.14444455844032308
2021-09-01,ND,7126659.0,1514782.0,1239494.0,9880935.0,0.12544298692253877,0.1533035082190774
2021-10-01,ND,7393639.0,1588332.0,1217588.0,10199559.0,0.11937653382740003,0.15572555636811625
2021-11-01,ND,7866576.0,1527074.0,1126129.0,10519779.0,0.10704873172614131,0.14516217498347483
2021-12-01,ND,7939425.0,1573824.0,1089054.0,10602303.0,0.10271862632012387,0.148441711200402
2022-01-01,ND,7052156.0,1555261.0,1102176.0,9709593.0,0.11351412978779322,0.16017777470013236
2022-02-01,ND,6472348.0,1417319.0,847081.0,8736748.0,0.0969560985380721,0.16222500637351306
2022-03-01,ND,7381247.0,1595915.0,949921.0,9927083.0,0.09568984161716297,0.16076374096841173
2022-04-01,ND,6248719.0,1303674.0,922402.0,8474795.0,0.10884062682213741,0.15382956165719844
2022-05-01,ND,7621116.0,1464381.0,892345.0,9977842.0,0.08943266489798664,0.14676329811449446
2022-06-01,ND,7798576.0,1454012.0,832808.0,10085396.0,0.08257563708869166,0.14417004547819273
2022-07-01,ND,8477571.0,1434460.0,848941.0,10760972.0,0.07889073589189814,0.1333020846059882
2022-08-01,ND,8235165.0,1372451.0,863293.0,10470909.0,0.08244680571588917,0.13107276550554425
2022-09-01,ND,7965073.0,1357509.0,757664.0,10080246.0,0.07516324502323492,0.13467022530864156
2022-10-01,ND,8357085.0,1382452.0,653950.0,10393487.0,0.06291921084749595,0.13301137529557683
2022-11-01,ND,7926411.0,1252543.0,736236.0,9915190.0,0.07425334259782966,0.12632566798895103
2022-12-01,ND,7245198.0,1194427.0,723837.0,9163462.0,0.0789916518442594,0.13034669647639346
2023-01-01,ND,7599072.0,1252571.0,603051.0,9454694.0,0.06378323825113977,0.13248138966599574
2023-02-01,ND,8150842.0,1257695.0,494408.0,9902945.0,0.04992535048866852,0.12700211906531844
2023-03-01,ND,8823843.0,1351982.0,535808.0,10711633.0,0.05002113123134427,0.12621623612266947
2023-04-01,ND,9133096.0,1283395.0,594993.0,11011484.0,0.05403386137550548,0.11655059390617513
2023-05-01,ND,9517165.0,1367987.0,606331.0,11491483.0,0.05276351189787459,0.1190435559960447
2023-06-01,ND,9051162.0,1409923.0,704653.0,11165738.0,0.06310850209754959,0.12627226252195536
2023-07-01,ND,9018666.0,1397087.0,516639.0,10932392.0,0.04725763583992179,0.12779335025557267
2023-08-01,ND,9007481.0,1366557.0,487875.0,10861913.0,0.04491612112852574,0.1258118160205683
2023-09-01,ND,9156453.0,1386151.0,630370.0,11172974.0,0.05641917720334426,0.12406285023017093
2023-10-01,ND,9809270.0,1406166.0,657205.0,11872641.0,0.05535457527895138,0.11843750686878819
2023-11-01,ND,9693360.0,1400106.0,694146.0,11787612.0,0.058887754363997666,0.11877774734934626
2023-12-01,ND,10579064.0,1375183.0,657706.0,12611953.0,0.052149417302362694,0.1090380688850566
2024-01-01,ND,8943647.0,1140749.0,722833.0,10807229.0,0.06688421240942628,0.10555425447072923
2024-02-01,ND,9751674.0,1197895.0,634625.0,11584194.0,0.05478369923660823,0.103407712266357
2024-03-01,ND,10312102.0,1276293.0,607760.0,12196155.0,0.04983209872250859,0.10464716133810495
2024-04-01,ND,10454050.0,1344577.0,529396.0,12328023.0,0.04294248964296268,0.10906671734706314
2024-05-01,ND,10695355.0,1430265.0,603737.0,12729357.0,0.04742871144200427,0.1123595638011224
2024-06-01,ND,10155387.0,1277399.0,496470.0,11929256.0,0.04161785110453143,0.1070811960099852
2024-07-01,ND,9995375.0,1261470.0,1018606.0,12275451.0,0.08297911009474944,0.10276363776693204
2024-08-01,ND,10170233.0,1545209.0,808317.0,12523759.0,0.06454268243213127,0.12338220497437405
2024-09-01,ND,9915713.0,1579757.0,741111.0,12236581.0,0.06056520199506247,0.1291011762180212
2024-10-01,ND,10039299.0,1646523.0,801815.0,12487637.0,0.06420870497705684,0.13185224714546193
2024-11-01,ND,10164545.0,1644058.0,561600.0,12370203.0,0.045399416646231275,0.13290469040699732
2024-12-01,ND,10044261.0,1829995.0,642765.0,12517021.0,0.05135127599409355,0.1462005216724794
2025-01-01,ND,9668019.0,1751817.0,760827.0,12180663.0,0.06246187091735104,0.14381951130128287
2025-02-01,ND,8658356.0,1651647.0,780457.0,11090460.0,0.07037192325593013,0.14892502204463182
2025-03-01,ND,10129106.0,1853360.0,577597.0,12560063.0,0.04598679162639561,0.1475597694044404
2025-04-01,ND,9775318.0,1815223.0,517279.0,12107820.0,0.04272271969650422,0.14992153831036537
2025-05-01,ND,9356833.0,1704256.0,344571.0,11405660.0,0.03021052705384686,0.14942195366029304
2015-01-01,NE,53.0,0.0,0.0,53.0,0.0,0.0
2015-02-01,NE,42.0,0.0,0.0,42.0,0.0,0.0
2015-03-01,NE,54.0,0.0,0.0,54.0,0.0,0.0
2015-04-01,NE,39.0,0.0,0.0,39.0,0.0,0.0
2015-05-01,NE,38.0,0.0,0.0,38.0,0.0,0.0
2015-06-01,NE,50.0,0.0,0.0,50.0,0.0,0.0
2015-07-01,NE,60.0,0.0,0.0,60.0,0.0,0.0
2015-08-01,NE,51.0,0.0,0.0,51.0,0.0,0.0
2015-09-01,NE,62.0,0.0,0.0,62.0,0.0,0.0
2015-10-01,NE,57.0,0.0,0.0,57.0,0.0,0.0
2015-11-01,NE,51.0,0.0,0.0,51.0,0.0,0.0
2015-12-01,NE,51.0,0.0,0.0,51.0,0.0,0.0
2016-01-01,NE,59.0,0.0,0.0,59.0,0.0,0.0
2016-02-01,NE,39.0,0.0,0.0,39.0,0.0,0.0
2016-03-01,NE,36.0,0.0,0.0,36.0,0.0,0.0
2016-04-01,NE,57.0,0.0,0.0,57.0,0.0,0.0
2016-05-01,NE,62.0,0.0,0.0,62.0,0.0,0.0
2016-06-01,NE,70.0,0.0,0.0,70.0,0.0,0.0
2016-07-01,NE,51.0,0.0,0.0,51.0,0.0,0.0
2016-08-01,NE,56.0,0.0,0.0,56.0,0.0,0.0
2016-09-01,NE,46.0,0.0,0.0,46.0,0.0,0.0
2016-10-01,NE,47.0,0.0,0.0,47.0,0.0,0.0
2016-11-01,NE,45.0,0.0,0.0,45.0,0.0,0.0
2016-12-01,NE,42.0,0.0,0.0,42.0,0.0,0.0
2017-01-01,NE,37.0,0.0,0.0,37.0,0.0,0.0
2017-02-01,NE,39.0,0.0,0.0,39.0,0.0,0.0
2017-03-01,NE,43.0,0.0,0.0,43.0,0.0,0.0
2017-04-01,NE,1.0,0.0,0.0,1.0,0.0,0.0
2017-05-01,NE,1.0,0.0,0.0,1.0,0.0,0.0
2017-06-01,NE,1.0,0.0,0.0,1.0,0.0,0.0
2017-07-01,NE,1.0,0.0,0.0,1.0,0.0,0.0
2017-08-01,NE,1.0,0.0,0.0,1.0,0.0,0.0
2017-09-01,NE,1.0,0.0,0.0,1.0,0.0,0.0
2017-10-01,NE,1.0,0.0,0.0,1.0,0.0,0.0
2017-11-01,NE,1.0,0.0,0.0,1.0,0.0,0.0
2017-12-01,NE,1.0,0.0,0.0,1.0,0.0,0.0
2018-01-01,NE,1.0,0.0,0.0,1.0,0.0,0.0
2018-02-01,NE,1.0,0.0,0.0,1.0,0.0,0.0
2018-03-01,NE,1.0,0.0,0.0,1.0,0.0,0.0
2018-04-01,NE,1.0,0.0,0.0,1.0,0.0,0.0
2018-05-01,NE,1.0,0.0,0.0,1.0,0.0,0.0
2018-06-01,NE,1.0,0.0,0.0,1.0,0.0,0.0
2018-07-01,NE,1.0,0.0,0.0,1.0,0.0,0.0
2018-08-01,NE,1.0,0.0,0.0,1.0,0.0,0.0
2018-10-01,NE,1.0,0.0,0.0,1.0,0.0,0.0
2019-01-01,NE,1.0,0.0,0.0,1.0,0.0,0.0
2019-03-01,NE,1.0,0.0,0.0,1.0,0.0,0.0
2019-04-01,NE,1.0,0.0,0.0,1.0,0.0,0.0
2019-05-01,NE,1.0,0.0,0.0,1.0,0.0,0.0
2019-06-01,NE,1.0,0.0,0.0,1.0,0.0,0.0
2019-07-01,NE,1.0,0.0,0.0,1.0,0.0,0.0
2019-08-01,NE,1.0,0.0,0.0,1.0,0.0,0.0
2019-09-01,NE,1.0,0.0,0.0,1.0,0.0,0.0
2019-10-01,NE,1.0,0.0,0.0,1.0,0.0,0.0
2019-11-01,NE,1.0,0.0,0.0,1.0,0.0,0.0
2015-01-01,NM,49098134.0,14574298.0,1013866.0,64686298.0,0.01567358206213057,0.22530734406809722
2015-02-01,NM,45922603.0,13801523.0,916737.0,60640863.0,0.015117479446136646,0.22759443578461672
2015-03-01,NM,51526902.0,15397746.0,1102361.0,68027009.0,0.01620475479082697,0.2263475379312556
2015-04-01,NM,50326628.0,15078483.0,1131825.0,66536936.0,0.01701047670722768,0.22661823502028014
2015-05-01,NM,51895324.0,15114421.0,1401407.0,68411152.0,0.0204850665283045,0.22093504579454978
2015-06-01,NM,50436533.0,14830206.0,967619.0,66234358.0,0.014609019083396855,0.22390503128267067
2015-07-01,NM,51448152.0,14718725.0,1007483.0,67174360.0,0.014998029009855847,0.21911224758937917
2015-08-01,NM,53634469.0,15107929.0,888316.0,69630714.0,0.012757531109026459,0.21697219706778106
2015-09-01,NM,52297704.0,15531955.0,500877.0,68330536.0,0.007330207390723043,0.22730620757866246
2015-10-01,NM,53352555.0,15905802.0,512412.0,69770769.0,0.007344221761397894,0.2279722902291245
2015-11-01,NM,50657641.0,15273222.0,534385.0,66465248.0,0.008040066291473042,0.22979259777947447
2015-12-01,NM,48417766.0,13788050.0,785857.0,62991673.0,0.01247556958836055,0.21888686779247968
2016-01-01,NM,46773109.0,13445786.0,1001816.0,61220711.0,0.016364004658462127,0.21962806018339182
2016-02-01,NM,46381436.0,13577085.0,673499.0,60632020.0,0.01110797562078402,0.22392598828107008
2016-03-01,NM,51509200.0,14864430.0,497597.0,66871227.0,0.007441122622129483,0.22228439146148418
2016-04-01,NM,50523004.0,13939632.0,680693.0,65143329.0,0.010449158961448763,0.21398402897061955
2016-05-01,NM,51114360.0,14533443.0,1056044.0,66703847.0,0.01583183050894226,0.21788013216056656
2016-06-01,NM,49304508.0,14015323.0,1529589.0,64849420.0,0.02358677995882833,0.21612102313294995
2016-07-01,NM,50892947.0,15023713.0,1065636.0,66982296.0,0.015909218758318005,0.2242937895108518
2016-08-01,NM,51453258.0,15747181.0,757439.0,67957878.0,0.011145712937047348,0.23171972791700218
2016-09-01,NM,49624416.0,15523425.0,1060366.0,66208207.0,0.01601562779065137,0.23446375764225957
2016-10-01,NM,51047933.0,16595488.0,946000.0,68589421.0,0.01379221439992358,0.2419540471113731
2016-11-01,NM,48252209.0,15519753.0,1160272.0,64932234.0,0.017868967822641264,0.2390146163764533
2016-12-01,NM,48486663.0,15891347.0,924799.0,65302809.0,0.014161703212469526,0.2433485977605598
2017-01-01,NM,47147193.0,15372142.0,407371.0,62926706.0,0.006473737875288635,0.24428645605532842
2017-02-01,NM,43306704.0,14803849.0,298946.0,58409499.0,0.005118105875201706,0.2534493404912556
2017-03-01,NM,49679223.0,16885179.0,261663.0,66826065.0,0.003915582939076369,0.25267354886113275
2017-04-01,NM,48214007.0,16747852.0,448304.0,65410163.0,0.006853736169397936,0.2560435753687756
2017-05-01,NM,49660649.0,17640003.0,539139.0,67839791.0,0.007947238516687135,0.2600244302045977
2017-06-01,NM,48285064.0,16555162.0,728399.0,65568625.0,0.011108956455909959,0.2524860327629983
2017-07-01,NM,49641568.0,17802340.0,508314.0,67952222.0,0.007480461786801496,0.26198319166036693
2017-08-01,NM,48833095.0,18142902.0,338614.0,67314611.0,0.0050303194948195865,0.2695239819475901
2017-09-01,NM,48478590.0,19052306.0,604500.0,68135396.0,0.008872040605724413,0.2796242058969179
2017-10-01,NM,50971623.0,20129396.0,337209.0,71438228.0,0.004720287854837721,0.2817734504832878
2017-11-01,NM,47051854.0,20617880.0,406589.0,68076323.0,0.005972546431442878,0.30286418377751856
2017-12-01,NM,48856598.0,21185395.0,734220.0,70776213.0,0.010373824324267852,0.2993293099755149
2018-01-01,NM,49308281.0,19550837.0,844681.0,69703799.0,0.012118148682237364,0.2804845256708598
2018-02-01,NM,45675118.0,19821199.0,696622.0,66192939.0,0.010524113455650422,0.2994458215546231
2018-03-01,NM,58572818.0,15086628.0,836938.0,74496384.0,0.0112346124074811,0.20251490327342261
2018-04-01,NM,55540863.0,15855353.0,987945.0,72384161.0,0.01364863509295404,0.21904450892202915
2018-05-01,NM,59194280.0,15940007.0,1007795.0,76142082.0,0.013235716354573499,0.20934556268081905
2018-06-01,NM,58342606.0,15776740.0,1112317.0,75231663.0,0.014785224141576153,0.2097087764759238
2018-07-01,NM,60182845.0,18158828.0,1494575.0,79836248.0,0.018720506504741153,0.227450919286403
2018-08-01,NM,61535286.0,19272327.0,1632946.0,82440559.0,0.019807556132631503,0.23377239593895308
2018-09-01,NM,58579318.0,18900347.0,1911950.0,79391615.0,0.024082518034147456,0.23806477548008304
2018-10-01,NM,62278079.0,19225334.0,2455290.0,83958703.0,0.02924402012257235,0.22898560021796788
2018-11-01,NM,60152438.0,18070791.0,2055709.0,80278938.0,0.025607077662106584,0.22510002561291342
2018-12-01,NM,63279151.0,19903053.0,1648026.0,84830230.0,0.01942734329493221,0.23462217419399356
2019-01-01,NM,62127279.0,20893315.0,1674484.0,84695078.0,0.01977073567366008,0.24668865645268467
2019-02-01,NM,57372747.0,20480985.0,1300801.0,79154533.0,0.016433689274603598,0.2587468363937429
2019-03-01,NM,65828412.0,22001448.0,1652070.0,89481930.0,0.018462610272243274,0.2458758768387697
2019-04-01,NM,66114359.0,20500494.0,1200178.0,87815031.0,0.013667113549144374,0.23345085421625206
2019-05-01,NM,67010425.0,23684965.0,1460604.0,92155994.0,0.015849256641932753,0.25700948980024346
2019-06-01,NM,65485380.0,22281512.0,1981066.0,89747958.0,0.02207366099625122,0.24826762075160722
2019-07-01,NM,67815600.0,22484866.0,1525373.0,91825839.0,0.016611587943109768,0.24486425874067444
2019-08-01,NM,68964502.0,23201327.0,1323042.0,93488871.0,0.014151866268644796,0.2481720738715005
2019-09-01,NM,67287233.0,23118844.0,1360662.0,91766739.0,0.014827398410643285,0.2519305387976662
2019-10-01,NM,71141727.0,23427963.0,1194679.0,95764369.0,0.012475193148286212,0.24464175188138645
2019-11-01,NM,68534430.0,24524583.0,1077621.0,94136634.0,0.011447413766662352,0.2605211378173342
2019-12-01,NM,64510225.0,31692242.0,926151.0,97128618.0,0.009535305032333997,0.3262914952621623
2020-01-01,NM,64399564.0,31755756.0,1266995.0,97422315.0,0.013005182642176994,0.3259597762583183
2020-02-01,NM,58936813.0,33012451.0,1635429.0,93584693.0,0.017475389912303848,0.3527548142938795
2020-03-01,NM,65295356.0,36069169.0,1660590.0,103025115.0,0.01611830280411129,0.3501007399988342
2020-04-01,NM,61316644.0,33145484.0,572219.0,95034347.0,0.006021180952602304,0.348773733353112
2020-05-01,NM,58801314.0,29210559.0,382304.0,88394177.0,0.004324990773991453,0.3304579553918688
2020-06-01,NM,58567521.0,31907098.0,586092.0,91060711.0,0.006436277441314469,0.35039368405508015
2020-07-01,NM,57785601.0,41419647.0,907583.0,100112831.0,0.009065601191510541,0.41372965469289974
2020-08-01,NM,55867582.0,45382682.0,506090.0,101756354.0,0.004973546909901102,0.4459935936772597
2020-09-01,NM,55080959.0,46088398.0,555169.0,101724526.0,0.005457572739139175,0.45307065869203156
2020-10-01,NM,56498910.0,50572833.0,669022.0,107740765.0,0.006209553087908546,0.46939366914605685
2020-11-01,NM,50858674.0,52527366.0,677193.0,104063233.0,0.006507514522437999,0.5047639256023261
2020-12-01,NM,55020751.0,47638841.0,609151.0,103268743.0,0.0058986967624793316,0.4613093915547502
2021-01-01,NM,55881798.0,49678774.0,642391.0,106202963.0,0.00604871071251934,0.46777201498561977
2021-02-01,NM,47286773.0,43005766.0,968564.0,91261103.0,0.01061310863182246,0.471238726973888
2021-03-01,NM,57548567.0,55524092.0,941329.0,114013988.0,0.008256258872369015,0.48699368361670936
2021-04-01,NM,56938342.0,57167218.0,848396.0,114953956.0,0.007380311470092094,0.4973053558935394
2021-05-01,NM,59701556.0,60815784.0,887758.0,121405098.0,0.007312361792247544,0.5009327038305253
2021-06-01,NM,57793958.0,61842419.0,730094.0,120366471.0,0.00606559280116631,0.5137844325430844
2021-07-01,NM,60334982.0,65263645.0,602361.0,126200988.0,0.004773029193713782,0.5171405234953333
2021-08-01,NM,61377815.0,67131008.0,801183.0,129310006.0,0.006195831434725789,0.5191478221719987
2021-09-01,NM,59177553.0,67116978.0,687135.0,126981666.0,0.005411292997206847,0.5285564453056328
2021-10-01,NM,61425793.0,71908019.0,652145.0,133985957.0,0.004867263813322715,0.536683251065978
2021-11-01,NM,56397684.0,71246258.0,582974.0,128226916.0,0.004546424558784096,0.5556263865844238
2021-12-01,NM,58454582.0,72666293.0,794957.0,131915832.0,0.006026244067500536,0.5508534638961676
2022-01-01,NM,56965894.0,71406838.0,786029.0,129158761.0,0.006085758286264386,0.5528609708476896
2022-02-01,NM,51203585.0,70364775.0,804494.0,122372854.0,0.006574121414209581,0.5750031375417828
2022-03-01,NM,59908147.0,82486510.0,1102192.0,143496849.0,0.007680949147526104,0.5748315072754143
2022-04-01,NM,62411365.0,80331540.0,800329.0,143543234.0,0.005575525768072374,0.5596330649756995
2022-05-01,NM,59578197.0,86884583.0,921147.0,147383927.0,0.0062499827406510555,0.5895119282575573
2022-06-01,NM,56918181.0,85237903.0,837877.0,142993961.0,0.005859527172615451,0.5960944252739484
2022-07-01,NM,55771810.0,93890245.0,747433.0,150409488.0,0.004969320818374857,0.6242308663396128
2022-08-01,NM,54084876.0,97584931.0,862618.0,152532425.0,0.005655309026913029,0.6397651581290734
2022-09-01,NM,55958814.0,96479499.0,691477.0,153129790.0,0.004515626907080252,0.6300504885426735
2022-10-01,NM,63562559.0,97908364.0,1023510.0,162494433.0,0.006298738862022247,0.6025336511063105
2022-11-01,NM,60607736.0,93164286.0,830968.0,154602990.0,0.005374850770993902,0.602603390787848
2022-12-01,NM,57846149.0,106466718.0,1095939.0,165408806.0,0.006625638782492255,0.6436581012496737
2023-01-01,NM,59184968.0,107853864.0,941874.0,167980706.0,0.005607036798615666,0.6420610233650036
2023-02-01,NM,51677056.0,99113728.0,793063.0,151583847.0,0.005231843733319929,0.6538541537340362
2023-03-01,NM,59029146.0,114017369.0,911925.0,173958440.0,0.005242200378432204,0.6554287851738293
2023-04-01,NM,55100336.0,110695571.0,853265.0,166649172.0,0.005120127449535051,0.6642431502745996
2023-05-01,NM,56916656.0,113830016.0,1121766.0,171868438.0,0.006526887734904226,0.6623090156898602
2023-06-01,NM,52982617.0,111136786.0,1168586.0,165287989.0,0.007069999502500409,0.6723827101552599
2023-07-01,NM,57902066.0,115128475.0,916641.0,173947182.0,0.0052696513358835165,0.6618588106815885
2023-08-01,NM,59781202.0,118348633.0,929110.0,179058945.0,0.005188849962226021,0.6609478962357
2023-09-01,NM,56549397.0,115345591.0,1145411.0,173040399.0,0.006619327085574613,0.6665818598807863
2023-10-01,NM,60565469.0,119947241.0,961319.0,181474029.0,0.005297281408787537,0.660960919096219
2023-11-01,NM,62043587.0,119262793.0,1043918.0,182350298.0,0.0057247945928743564,0.6540312481416104
2023-12-01,NM,68389223.0,124990298.0,783804.0,194163325.0,0.004036828273308548,0.6437379355752979
2024-01-01,NM,61466957.0,123002032.0,1011354.0,185480343.0,0.005452620928134982,0.6631540033324916
2024-02-01,NM,60059203.0,121426767.0,791311.0,182277281.0,0.004341248649630482,0.6661651212579444
2024-03-01,NM,67937319.0,130324033.0,758742.0,199020094.0,0.0038123889138531853,0.6548285169633903
2024-04-01,NM,64467702.0,124832107.0,781389.0,190081198.0,0.004110816894154828,0.6567304305391338
2024-05-01,NM,65603579.0,132213763.0,683641.0,198500983.0,0.0034440182092179143,0.6660609988008644
2024-06-01,NM,65707081.0,131093747.0,645119.0,197445947.0,0.0032673195363168094,0.6639475207862009
2024-07-01,NM,69275231.0,136639955.0,610577.0,206525763.0,0.0029564205023646585,0.661612154411621
2024-08-01,NM,70607654.0,139861037.0,578340.0,211047031.0,0.0027403370578557252,0.6627008034049706
2024-09-01,NM,72883228.0,131449831.0,484375.0,204817434.0,0.0023649109870196084,0.6417902442813331
2024-10-01,NM,79346355.0,136491631.0,528176.0,216366162.0,0.0024411210843577097,0.6308363088676358
2024-11-01,NM,77553470.0,133776574.0,545061.0,211875105.0,0.002572558017138176,0.631393546683726
2024-12-01,NM,84269485.0,135774249.0,546071.0,220589805.0,0.002475504250977295,0.6155055488622353
2025-01-01,NM,78829684.0,132582748.0,800253.0,212212685.0,0.0037709951221795387,0.624763538522391
2025-02-01,NM,84345367.0,110745798.0,555316.0,195646481.0,0.002838364365979658,0.5660505491020991
2025-03-01,NM,83938335.0,143992004.0,1210182.0,229140521.0,0.005281396737329893,0.6284004390473441
2025-04-01,NM,81698363.0,125049790.0,620858.0,207369011.0,0.002993976761550455,0.6030302666580192
2025-05-01,NM,85231045.0,126243119.0,725451.0,212199615.0,0.0034187196805218435,0.5949262396161299
2015-01-01,NV,271.0,0.0,0.0,271.0,0.0,0.0
2015-02-01,NV,245.0,0.0,0.0,245.0,0.0,0.0
2015-03-01,NV,250.0,0.0,0.0,250.0,0.0,0.0
2015-04-01,NV,367.0,0.0,214.0,581.0,0.3683304013200686,0.0
2015-05-01,NV,260.0,0.0,73.0,333.0,0.21921915338764164,0.0
2015-06-01,NV,603.0,0.0,182.0,785.0,0.23184710422329882,0.0
2015-07-01,NV,340.0,0.0,90.0,430.0,0.20930227690644723,0.0
2015-08-01,NV,263.0,0.0,0.0,263.0,0.0,0.0
2015-09-01,NV,179.0,0.0,0.0,179.0,0.0,0.0
2015-10-01,NV,164.0,0.0,0.0,164.0,0.0,0.0
2015-11-01,NV,177.0,0.0,0.0,177.0,0.0,0.0
2015-12-01,NV,137.0,0.0,0.0,137.0,0.0,0.0
2016-01-01,NV,127.0,0.0,0.0,127.0,0.0,0.0
2016-02-01,NV,120.0,0.0,0.0,120.0,0.0,0.0
2016-03-01,NV,192.0,0.0,0.0,192.0,0.0,0.0
2016-04-01,NV,117.0,0.0,0.0,117.0,0.0,0.0
2016-05-01,NV,156.0,0.0,0.0,156.0,0.0,0.0
2016-06-01,NV,167.0,0.0,0.0,167.0,0.0,0.0
2016-07-01,NV,160.0,0.0,0.0,160.0,0.0,0.0
2016-08-01,NV,162.0,0.0,0.0,162.0,0.0,0.0
2016-09-01,NV,244.0,0.0,0.0,244.0,0.0,0.0
2016-10-01,NV,183.0,0.0,0.0,183.0,0.0,0.0
2016-11-01,NV,147.0,0.0,0.0,147.0,0.0,0.0
2016-12-01,NV,158.0,0.0,0.0,158.0,0.0,0.0
2017-01-01,NV,159.0,0.0,0.0,159.0,0.0,0.0
2017-02-01,NV,170.0,0.0,0.0,170.0,0.0,0.0
2017-03-01,NV,219.0,0.0,0.0,219.0,0.0,0.0
2017-04-01,NV,128.0,0.0,26.0,154.0,0.1688310592006109,0.0
2017-05-01,NV,180.0,0.0,0.0,180.0,0.0,0.0
2017-06-01,NV,174.0,0.0,0.0,174.0,0.0,0.0
2017-07-01,NV,205.0,0.0,0.0,205.0,0.0,0.0
2017-08-01,NV,163.0,0.0,0.0,163.0,0.0,0.0
2017-09-01,NV,181.0,0.0,0.0,181.0,0.0,0.0
2017-10-01,NV,172.0,0.0,0.0,172.0,0.0,0.0
2017-11-01,NV,164.0,0.0,0.0,164.0,0.0,0.0
2017-12-01,NV,147.0,0.0,0.0,147.0,0.0,0.0
2018-01-01,NV,187.0,0.0,0.0,187.0,0.0,0.0
2018-02-01,NV,153.0,0.0,0.0,153.0,0.0,0.0
2018-03-01,NV,143.0,0.0,0.0,143.0,0.0,0.0
2018-04-01,NV,178.0,0.0,0.0,178.0,0.0,0.0
2018-05-01,NV,194.0,0.0,0.0,194.0,0.0,0.0
2018-06-01,NV,121.0,0.0,0.0,121.0,0.0,0.0
2018-07-01,NV,161.0,0.0,0.0,161.0,0.0,0.0
2018-08-01,NV,146.0,0.0,0.0,146.0,0.0,0.0
2018-09-01,NV,201.0,0.0,0.0,201.0,0.0,0.0
2018-10-01,NV,133.0,0.0,0.0,133.0,0.0,0.0
2018-11-01,NV,153.0,0.0,0.0,153.0,0.0,0.0
2018-12-01,NV,161.0,0.0,0.0,161.0,0.0,0.0
2019-01-01,NV,185.0,0.0,0.0,185.0,0.0,0.0
2019-02-01,NV,136.0,0.0,0.0,136.0,0.0,0.0
2019-03-01,NV,91.0,0.0,0.0,91.0,0.0,0.0
2019-04-01,NV,222.0,0.0,0.0,222.0,0.0,0.0
2019-05-01,NV,152.0,0.0,0.0,152.0,0.0,0.0
2019-06-01,NV,140.0,0.0,0.0,140.0,0.0,0.0
2019-07-01,NV,165.0,0.0,0.0,165.0,0.0,0.0
2019-08-01,NV,148.0,0.0,0.0,148.0,0.0,0.0
2019-09-01,NV,205.0,0.0,0.0,205.0,0.0,0.0
2019-10-01,NV,250.0,0.0,311.0,561.0,0.5543671026083596,0.0
2019-11-01,NV,266.0,0.0,430.0,696.0,0.6178160031873559,0.0
2019-12-01,NV,575.0,0.0,825.0,1400.0,0.5892856721938806,0.0
2020-01-01,NV,462.0,0.0,442.0,904.0,0.4889379990112833,0.0
2020-02-01,NV,475.0,0.0,550.0,1025.0,0.5365853135038718,0.0
2020-03-01,NV,529.0,0.0,590.0,1119.0,0.5272564318805691,0.0
2020-04-01,NV,964.0,0.0,322.0,1286.0,0.25038878301797957,0.0
2020-05-01,NV,875.0,0.0,271.0,1146.0,0.23647467395508953,0.0
2020-06-01,NV,461.0,0.0,90.0,551.0,0.16333935329594315,0.0
2020-07-01,NV,462.0,0.0,94.0,556.0,0.1690647177941155,0.0
2020-08-01,NV,417.0,0.0,107.0,524.0,0.20419843431327592,0.0
2020-09-01,NV,390.0,0.0,135.0,525.0,0.25714280816327467,0.0
2020-10-01,NV,479.0,0.0,91.0,570.0,0.15964909479840442,0.0
2020-11-01,NV,483.0,0.0,63.0,546.0,0.11538459425190582,0.0
2020-12-01,NV,435.0,0.0,62.0,497.0,0.12474846584537912,0.0
2021-01-01,NV,335.0,0.0,53.0,388.0,0.13659790293868482,0.0
2021-02-01,NV,419.0,0.0,55.0,474.0,0.11603373079457156,0.0
2021-03-01,NV,455.0,0.0,66.0,521.0,0.12667943825730552,0.0
2021-04-01,NV,394.0,0.0,77.0,471.0,0.16348191858133365,0.0
2021-05-01,NV,278.0,0.0,75.0,353.0,0.21246452904687563,0.0
2021-06-01,NV,335.0,0.0,74.0,409.0,0.18092905111759142,0.0
2021-07-01,NV,287.0,0.0,76.0,363.0,0.20936633350789713,0.0
2021-08-01,NV,373.0,0.0,72.0,445.0,0.16179771644995136,0.0
2021-09-01,NV,294.0,0.0,68.0,362.0,0.18784525197644975,0.0
2021-10-01,NV,330.0,0.0,53.0,383.0,0.13838116491353397,0.0
2021-11-01,NV,427.0,0.0,47.0,474.0,0.09915609722445207,0.0
2021-12-01,NV,274.0,0.0,41.0,315.0,0.13015868883851148,0.0
2022-01-01,NV,317.0,0.0,51.0,368.0,0.13858691886225033,0.0
2022-02-01,NV,278.0,0.0,43.0,321.0,0.13395634456188643,0.0
2022-03-01,NV,347.0,0.0,41.0,388.0,0.10567007585822788,0.0
2022-04-01,NV,213.0,0.0,242.0,455.0,0.5318680149740627,0.0
2022-05-01,NV,451.0,0.0,199.0,650.0,0.3061537990532617,0.0
2022-06-01,NV,548.0,0.0,132.0,680.0,0.19411761851211493,0.0
2022-07-01,NV,490.0,0.0,93.0,583.0,0.15951969819559209,0.0
2022-08-01,NV,242.0,0.0,0.0,242.0,0.0,0.0
2022-09-01,NV,290.0,0.0,71.0,361.0,0.19667584579616462,0.0
2022-10-01,NV,468.0,0.0,78.0,546.0,0.14285711669283577,0.0
2022-11-01,NV,543.0,0.0,80.0,623.0,0.12841089431606834,0.0
2022-12-01,NV,477.0,0.0,73.0,550.0,0.13272724859504573,0.0
2023-01-01,NV,441.0,0.0,58.0,499.0,0.11623244163678526,0.0
2023-02-01,NV,242.0,0.0,48.0,290.0,0.16551718430441922,0.0
2023-03-01,NV,290.0,0.0,39.0,329.0,0.11854099740395217,0.0
2023-04-01,NV,450.0,0.0,61.0,511.0,0.11937375354721066,0.0
2023-05-01,NV,440.0,0.0,60.0,500.0,0.11999997600000481,0.0
2023-06-01,NV,516.0,0.0,67.0,583.0,0.11492279332370613,0.0
2023-07-01,NV,525.0,0.0,81.0,606.0,0.1336633442799762,0.0
2023-08-01,NV,521.0,0.0,76.0,597.0,0.1273031612557519,0.0
2023-09-01,NV,425.0,0.0,65.0,490.0,0.132653034152442,0.0
2023-10-01,NV,424.0,0.0,65.0,489.0,0.132924308195438,0.0
2023-11-01,NV,362.0,0.0,35.0,397.0,0.088161186861162,0.0
2023-12-01,NV,287.0,0.0,37.0,324.0,0.11419749561805692,0.0
2024-01-01,NV,323.0,0.0,37.0,360.0,0.10277774922840299,0.0
2024-02-01,NV,342.0,0.0,34.0,376.0,0.09042550786555642,0.0
2024-03-01,NV,299.0,0.0,37.0,336.0,0.1101190148455313,0.0
2024-04-01,NV,411.0,0.0,33.0,444.0,0.07432430758461542,0.0
2024-05-01,NV,309.0,0.0,50.0,359.0,0.1392757272212459,0.0
2024-06-01,NV,280.0,0.0,84.0,364.0,0.2307691673711079,0.0
2024-07-01,NV,481.0,0.0,170.0,651.0,0.26113667263645585,0.0
2024-08-01,NV,323.0,0.0,91.0,414.0,0.2198067101916159,0.0
2024-09-01,NV,505.0,0.0,125.0,630.0,0.1984126669186243,0.0
2024-10-01,NV,459.0,0.0,135.0,594.0,0.22727268901133182,0.0
2024-11-01,NV,339.0,0.0,80.0,419.0,0.19093074202130264,0.0
2024-12-01,NV,359.0,0.0,73.0,432.0,0.16898144236540688,0.0
2025-01-01,NV,368.0,0.0,78.0,446.0,0.1748878531641585,0.0
2025-02-01,NV,292.0,0.0,70.0,362.0,0.19337011232869827,0.0
2025-03-01,NV,217.0,0.0,72.0,289.0,0.24913486189105127,0.0
2025-04-01,NV,311.0,0.0,90.0,401.0,0.22443884677335493,0.0
2025-05-01,NV,259.0,0.0,82.0,341.0,0.240469137692335,0.0
2015-01-01,NY,0.0,2632.0,0.0,2632.0,0.0,0.9999999620060804
2015-02-01,NY,0.0,2158.0,0.0,2158.0,0.0,0.9999999536607991
2015-03-01,NY,0.0,2704.0,0.0,2704.0,0.0,0.9999999630177527
2015-04-01,NY,0.0,1859.0,0.0,1859.0,0.0,0.9999999462076414
2015-05-01,NY,0.0,1938.0,0.0,1938.0,0.0,0.9999999484004155
2015-06-01,NY,0.0,1223.0,0.0,1223.0,0.0,0.9999999182338579
2015-07-01,NY,0.0,989.0,0.0,989.0,0.0,0.9999998988877756
2015-08-01,NY,0.0,845.0,0.0,845.0,0.0,0.9999998816568187
2015-09-01,NY,0.0,853.0,0.0,853.0,0.0,0.9999998827667195
2015-10-01,NY,0.0,726.0,0.0,726.0,0.0,0.9999998622589722
2015-11-01,NY,0.0,484.0,0.0,484.0,0.0,0.9999997933884724
2015-12-01,NY,0.0,443.0,0.0,443.0,0.0,0.9999997742664167
2016-01-01,NY,0.0,372.0,0.0,372.0,0.0,0.999999731182868
2016-02-01,NY,0.0,421.0,0.0,421.0,0.0,0.9999997624703653
2016-03-01,NY,0.0,415.0,0.0,415.0,0.0,0.9999997590362028
2016-04-01,NY,0.0,473.0,0.0,473.0,0.0,0.9999997885835543
2016-05-01,NY,0.0,510.0,0.0,510.0,0.0,0.9999998039216071
2016-06-01,NY,0.0,714.0,0.0,714.0,0.0,0.9999998599439972
2016-07-01,NY,0.0,452.0,0.0,452.0,0.0,0.9999997787611109
2016-08-01,NY,0.0,418.0,0.0,418.0,0.0,0.9999997607656075
2016-09-01,NY,0.0,614.0,0.0,614.0,0.0,0.9999998371335771
2016-10-01,NY,0.0,328.0,0.0,328.0,0.0,0.9999996951220442
2016-11-01,NY,0.0,442.0,0.0,442.0,0.0,0.9999997737557074
2016-12-01,NY,0.0,517.0,0.0,517.0,0.0,0.9999998065764398
2017-01-01,NY,0.0,637.0,0.0,637.0,0.0,0.9999998430141535
2017-02-01,NY,0.0,564.0,0.0,564.0,0.0,0.9999998226950669
2017-03-01,NY,0.0,615.0,0.0,615.0,0.0,0.9999998373984005
2017-04-01,NY,0.0,480.0,0.0,480.0,0.0,0.9999997916667102
2017-05-01,NY,0.0,607.0,0.0,607.0,0.0,0.9999998352553814
2017-06-01,NY,0.0,659.0,0.0,659.0,0.0,0.9999998482549548
2017-07-01,NY,0.0,1057.0,0.0,1057.0,0.0,0.9999999053926296
2017-08-01,NY,0.0,603.0,0.0,603.0,0.0,0.9999998341625482
2017-09-01,NY,0.0,1141.0,0.0,1141.0,0.0,0.9999999123575888
2017-10-01,NY,0.0,880.0,0.0,880.0,0.0,0.9999998863636493
2017-11-01,NY,0.0,677.0,0.0,677.0,0.0,0.9999998522895344
2017-12-01,NY,0.0,540.0,0.0,540.0,0.0,0.9999998148148491
2018-01-01,NY,0.0,561.0,0.0,561.0,0.0,0.9999998217469124
2018-02-01,NY,0.0,586.0,0.0,586.0,0.0,0.999999829351565
2018-03-01,NY,0.0,444.0,0.0,444.0,0.0,0.9999997747748256
2018-04-01,NY,0.0,555.0,0.0,555.0,0.0,0.9999998198198523
2018-05-01,NY,0.0,605.0,0.0,605.0,0.0,0.9999998347107711
2018-06-01,NY,0.0,611.0,0.0,611.0,0.0,0.9999998363339058
2018-07-01,NY,0.0,806.0,0.0,806.0,0.0,0.9999998759305365
2018-08-01,NY,0.0,797.0,0.0,797.0,0.0,0.9999998745295013
2018-09-01,NY,0.0,733.0,0.0,733.0,0.0,0.9999998635743707
2018-10-01,NY,0.0,468.0,0.0,468.0,0.0,0.999999786324832
2018-11-01,NY,0.0,563.0,0.0,563.0,0.0,0.9999998223801382
2018-12-01,NY,0.0,532.0,0.0,532.0,0.0,0.9999998120301106
2019-01-01,NY,0.0,457.0,0.0,457.0,0.0,0.9999997811816672
2019-02-01,NY,0.0,492.0,0.0,492.0,0.0,0.9999997967480089
2019-03-01,NY,0.0,646.0,0.0,646.0,0.0,0.9999998452012624
2019-04-01,NY,0.0,464.0,0.0,464.0,0.0,0.9999997844828051
2019-05-01,NY,0.0,1071.0,0.0,1071.0,0.0,0.9999999066293271
2019-06-01,NY,0.0,690.0,0.0,690.0,0.0,0.9999998550724848
2019-07-01,NY,0.0,876.0,0.0,876.0,0.0,0.999999885844762
2019-08-01,NY,0.0,710.0,0.0,710.0,0.0,0.9999998591549495
2019-09-01,NY,0.0,593.0,0.0,593.0,0.0,0.9999998313659644
2019-10-01,NY,0.0,505.0,0.0,505.0,0.0,0.9999998019802373
2019-11-01,NY,0.0,579.0,0.0,579.0,0.0,0.9999998272884582
2019-12-01,NY,0.0,763.0,0.0,763.0,0.0,0.9999998689384183
2020-01-01,NY,0.0,685.0,0.0,685.0,0.0,0.9999998540146199
2020-02-01,NY,0.0,488.0,0.0,488.0,0.0,0.9999997950820092
2020-03-01,NY,0.0,528.0,0.0,528.0,0.0,0.9999998106060966
2020-04-01,NY,0.0,672.0,0.0,672.0,0.0,0.9999998511904984
2020-05-01,NY,0.0,459.0,0.0,459.0,0.0,0.9999997821351237
2020-06-01,NY,0.0,393.0,0.0,393.0,0.0,0.9999997455471386
2020-07-01,NY,0.0,791.0,0.0,791.0,0.0,0.9999998735777657
2020-08-01,NY,0.0,530.0,0.0,530.0,0.0,0.9999998113207904
2020-09-01,NY,0.0,534.0,0.0,534.0,0.0,0.9999998127341175
2020-10-01,NY,0.0,703.0,0.0,703.0,0.0,0.9999998577525095
2020-11-01,NY,0.0,304.0,0.0,304.0,0.0,0.9999996710527399
2020-12-01,NY,0.0,592.0,0.0,592.0,0.0,0.9999998310811097
2021-01-01,NY,0.0,562.0,0.0,562.0,0.0,0.9999998220640887
2021-02-01,NY,0.0,426.0,0.0,426.0,0.0,0.9999997652582712
2021-03-01,NY,0.0,593.0,0.0,593.0,0.0,0.9999998313659644
2021-04-01,NY,0.0,679.0,0.0,679.0,0.0,0.9999998527246167
2021-05-01,NY,0.0,478.0,0.0,478.0,0.0,0.9999997907950229
2021-06-01,NY,0.0,499.0,0.0,499.0,0.0,0.9999997995992386
2021-07-01,NY,0.0,570.0,0.0,570.0,0.0,0.9999998245614343
2021-08-01,NY,0.0,799.0,0.0,799.0,0.0,0.9999998748435701
2021-09-01,NY,0.0,632.0,0.0,632.0,0.0,0.9999998417721769
2021-10-01,NY,0.0,637.0,0.0,637.0,0.0,0.9999998430141535
2021-11-01,NY,0.0,614.0,0.0,614.0,0.0,0.9999998371335771
2021-12-01,NY,0.0,567.0,0.0,567.0,0.0,0.9999998236331881
2022-01-01,NY,0.0,550.0,0.0,550.0,0.0,0.9999998181818512
2022-02-01,NY,0.0,392.0,0.0,392.0,0.0,0.9999997448980243
2022-03-01,NY,0.0,644.0,0.0,644.0,0.0,0.9999998447205211
2022-04-01,NY,0.0,460.0,0.0,460.0,0.0,0.999999782608743
2022-05-01,NY,0.0,533.0,0.0,533.0,0.0,0.9999998123827745
2022-06-01,NY,0.0,627.0,0.0,627.0,0.0,0.9999998405103923
2022-07-01,NY,0.0,571.0,0.0,571.0,0.0,0.9999998248686822
2022-08-01,NY,0.0,618.0,0.0,618.0,0.0,0.9999998381877285
2022-09-01,NY,0.0,465.0,0.0,465.0,0.0,0.9999997849462828
2022-10-01,NY,0.0,450.0,0.0,450.0,0.0,0.9999997777778272
2022-11-01,NY,0.0,653.0,0.0,653.0,0.0,0.9999998468606667
2022-12-01,NY,0.0,608.0,0.0,608.0,0.0,0.9999998355263429
2023-01-01,NY,0.0,246.0,0.0,246.0,0.0,0.9999995934961002
2023-02-01,NY,0.0,227.0,0.0,227.0,0.0,0.9999995594715597
2023-03-01,NY,0.0,261.0,0.0,261.0,0.0,0.9999996168583845
2023-04-01,NY,0.0,199.0,0.0,199.0,0.0,0.9999994974876897
2023-05-01,NY,0.0,216.0,0.0,216.0,0.0,0.9999995370372513
2023-06-01,NY,0.0,228.0,0.0,228.0,0.0,0.9999995614037012
2023-07-01,NY,0.0,250.0,0.0,250.0,0.0,0.99999960000016
2023-08-01,NY,0.0,215.0,0.0,215.0,0.0,0.9999995348839372
2023-09-01,NY,0.0,192.0,0.0,192.0,0.0,0.9999994791669379
2023-10-01,NY,0.0,605.0,0.0,605.0,0.0,0.9999998347107711
2023-11-01,NY,0.0,220.0,0.0,220.0,0.0,0.999999545454752
2023-12-01,NY,0.0,267.0,0.0,267.0,0.0,0.9999996254683051
2024-01-01,NY,0.0,334.0,0.0,334.0,0.0,0.9999997005988921
2024-02-01,NY,0.0,281.0,0.0,281.0,0.0,0.9999996441282406
2024-03-01,NY,0.0,303.0,0.0,303.0,0.0,0.9999996699671057
2024-04-01,NY,0.0,273.0,0.0,273.0,0.0,0.999999633699768
2024-05-01,NY,0.0,331.0,0.0,331.0,0.0,0.9999996978852878
2024-06-01,NY,0.0,720.0,0.0,720.0,0.0,0.9999998611111305
2024-07-01,NY,0.0,408.0,0.0,408.0,0.0,0.9999997549020209
2024-08-01,NY,0.0,400.0,0.0,400.0,0.0,0.9999997500000626
2024-09-01,NY,0.0,130.0,0.0,130.0,0.0,0.9999992307698224
2024-10-01,NY,0.0,291.0,0.0,291.0,0.0,0.9999996563575065
2024-11-01,NY,0.0,518.0,0.0,518.0,0.0,0.9999998069498442
2024-12-01,NY,0.0,182.0,0.0,182.0,0.0,0.9999994505497525
2025-01-01,NY,0.0,154.0,0.0,154.0,0.0,0.9999993506497723
2025-02-01,NY,0.0,145.0,0.0,145.0,0.0,0.9999993103453032
2025-03-01,NY,0.0,216.0,0.0,216.0,0.0,0.9999995370372513
2015-01-01,OH,1030.0,27444.0,2.0,28476.0,7.023458326227495e-05,0.963758951524937
2015-02-01,OH,1096.0,24076.0,2.0,25174.0,7.944704822655498e-05,0.9563835665512689
2015-03-01,OH,963.0,25903.0,2.0,26868.0,7.443799287465389e-05,0.9640836647160799
2015-04-01,OH,863.0,28088.0,2.0,28953.0,6.907747014444973e-05,0.970123990708652
2015-05-01,OH,865.0,28260.0,2.0,29127.0,6.866481248098049e-05,0.9702338003562543
2015-06-01,OH,896.0,33076.0,2.0,33974.0,5.8868546362310754e-05,0.9735680197398953
2015-07-01,OH,825.0,29456.0,2.0,30283.0,6.60436546377715e-05,0.9726909455050987
2015-08-01,OH,802.0,28695.0,2.0,29499.0,6.779890820773955e-05,0.9727448355105432
2015-09-01,OH,805.0,27946.0,2.0,28753.0,6.955795892756248e-05,0.9719333600948306
2015-10-01,OH,890.0,29234.0,2.0,30126.0,6.63878375277573e-05,0.9703910211432283
2015-11-01,OH,868.0,32708.0,2.0,33578.0,5.956280880468519e-05,0.9740901751918216
2015-12-01,OH,973.0,29380.0,2.0,30355.0,6.588700357144785e-05,0.9678800824645689
2016-01-01,OH,966.0,27288.0,2.0,28256.0,7.078142670306687e-05,0.9657417859366443
2016-02-01,OH,1155.0,24994.0,2.0,26151.0,7.647891064785702e-05,0.9557569463662692
2016-03-01,OH,921.0,26863.0,2.0,27786.0,7.197869404743866e-05,0.9667818290981723
2016-04-01,OH,973.0,25365.0,2.0,26340.0,7.593014397900477e-05,0.962984051013728
2016-05-01,OH,620.0,28590.0,0.0,29210.0,0.0,0.9787743889805738
2016-06-01,OH,564.0,31037.0,0.0,31601.0,0.0,0.982152460421656
2016-07-01,OH,552.0,28155.0,0.0,28707.0,0.0,0.9807712370475102
2016-08-01,OH,544.0,27930.0,0.0,28474.0,0.0,0.980894847998543
2016-09-01,OH,571.0,25998.0,0.0,26569.0,0.0,0.9785087847547563
2016-10-01,OH,609.0,26502.0,0.0,27111.0,0.0,0.9775367895778954
2016-11-01,OH,613.0,29332.0,0.0,29945.0,0.0,0.9795291334796155
2016-12-01,OH,767.0,25950.0,0.0,26717.0,0.0,0.9712916833054172
2017-01-01,OH,732.0,25738.0,0.0,26470.0,0.0,0.972346048461103
2017-02-01,OH,638.0,25348.0,0.0,25986.0,0.0,0.9754483145715065
2017-03-01,OH,639.0,27110.0,0.0,27749.0,0.0,0.9769721396195461
2017-04-01,OH,590.0,482268.0,0.0,482858.0,0.0,0.9987781084710664
2017-05-01,OH,562.0,703889.0,0.0,704451.0,0.0,0.9992022154842279
2017-06-01,OH,558.0,680441.0,0.0,680999.0,0.0,0.9991806153901577
2017-07-01,OH,547.0,679471.0,0.0,680018.0,0.0,0.9991956093810466
2017-08-01,OH,531.0,639099.0,0.0,639630.0,0.0,0.9991698324032379
2017-09-01,OH,502.0,546327.0,0.0,546829.0,0.0,0.9990819797415497
2017-10-01,OH,518.0,489375.0,0.0,489893.0,0.0,0.9989426260430456
2017-11-01,OH,576.0,418896.0,0.0,419472.0,0.0,0.9986268449387261
2017-12-01,OH,800.0,371044.0,0.0,371844.0,0.0,0.9978485598805282
2018-01-01,OH,941.0,326137.0,0.0,327078.0,0.0,0.9971230101085603
2018-02-01,OH,770.0,287982.0,0.0,288752.0,0.0,0.9973333514582294
2018-03-01,OH,808.0,291536.0,0.0,292344.0,0.0,0.9972361324339695
2018-04-01,OH,698.0,263606.0,0.0,264304.0,0.0,0.9973591012631821
2018-05-01,OH,550.0,228164.0,0.0,228714.0,0.0,0.9975952495266598
2018-06-01,OH,492.0,228829.0,0.0,229321.0,0.0,0.9978545353465864
2018-07-01,OH,492.0,230478.0,0.0,230970.0,0.0,0.9978698527956575
2018-08-01,OH,489.0,213186.0,0.0,213675.0,0.0,0.9977114772445482
2018-09-01,OH,492.0,206816.0,0.0,207308.0,0.0,0.9976267191822666
2018-10-01,OH,499.0,226646.0,0.0,227145.0,0.0,0.9978031649396627
2018-11-01,OH,643.0,207500.0,0.0,208143.0,0.0,0.9969107772075396
2018-12-01,OH,623.0,196828.0,0.0,197451.0,0.0,0.9968447863030094
2019-01-01,OH,661.0,177488.0,0.0,178149.0,0.0,0.9962896221722886
2019-02-01,OH,716.0,162120.0,0.0,162836.0,0.0,0.99560293731386
2019-03-01,OH,683.0,166801.0,0.0,167484.0,0.0,0.9959219979246244
2019-04-01,OH,556.0,156466.0,0.0,157022.0,0.0,0.9964590942693003
2019-05-01,OH,448.0,156685.0,0.0,157133.0,0.0,0.9971489114335315
2019-06-01,OH,504.0,147795.0,0.0,148299.0,0.0,0.9966014598907602
2019-07-01,OH,490.0,140880.0,0.0,141370.0,0.0,0.9965339173823767
2019-08-01,OH,489.0,135905.0,0.0,136394.0,0.0,0.9964147975743692
2019-09-01,OH,495.0,357321.0,0.0,357816.0,0.0,0.9986166071392513
2019-10-01,OH,517.0,415561.0,0.0,416078.0,0.0,0.9987574442775735
2019-11-01,OH,809.0,395641.0,0.0,396450.0,0.0,0.9979593893308212
2019-12-01,OH,755.0,414412.0,0.0,415167.0,0.0,0.9981814544512976
2020-01-01,OH,875.0,391293.0,0.0,392168.0,0.0,0.9977688131112766
2020-02-01,OH,1195.0,335583.0,0.0,336778.0,0.0,0.9964516681622755
2020-03-01,OH,806.0,324911.0,0.0,325717.0,0.0,0.9975254589114091
2020-04-01,OH,658.0,280872.0,0.0,281530.0,0.0,0.997662770931104
2020-05-01,OH,560.0,265262.0,0.0,265822.0,0.0,0.9978933267382334
2020-06-01,OH,515.0,237384.0,0.0,237899.0,0.0,0.9978352153654133
2020-07-01,OH,495.0,224659.0,0.0,225154.0,0.0,0.9978015043046974
2020-08-01,OH,461.0,217893.0,0.0,218354.0,0.0,0.997888749004878
2020-09-01,OH,492.0,202414.0,0.0,202906.0,0.0,0.9975752313891283
2020-10-01,OH,505.0,203141.0,0.0,203646.0,0.0,0.9975202061432484
2020-11-01,OH,775.0,191334.0,0.0,192109.0,0.0,0.9959658313790786
2020-12-01,OH,1220.0,188308.0,0.0,189528.0,0.0,0.9935629558727138
2021-01-01,OH,1238.0,166370.0,0.0,167608.0,0.0,0.9926137171300811
2021-02-01,OH,1300.0,85248.0,0.0,86548.0,0.0,0.9849794322399368
2021-03-01,OH,882.0,93545.0,0.0,94427.0,0.0,0.9906594501671561
2021-04-01,OH,270.0,87820.0,0.0,88090.0,0.0,0.9969349517573675
2021-05-01,OH,220.0,90795.0,0.0,91015.0,0.0,0.9975828149232733
2021-06-01,OH,117.0,181890.0,0.0,182007.0,0.0,0.9993571670323904
2021-07-01,OH,106.0,433180.0,0.0,433286.0,0.0,0.9997553576622011
2021-08-01,OH,106.0,406085.0,0.0,406191.0,0.0,0.9997390387773882
2021-09-01,OH,225.0,411469.0,0.0,411694.0,0.0,0.9994534773400988
2021-10-01,OH,114.0,399509.0,0.0,399623.0,0.0,0.9997147308839294
2021-11-01,OH,229.0,497380.0,0.0,497609.0,0.0,0.9995397991194814
2021-12-01,OH,301.0,602289.0,0.0,602590.0,0.0,0.9995004893875604
2022-01-01,OH,455.0,573275.0,0.0,573730.0,0.0,0.9992069438587478
2022-02-01,OH,512.0,500449.0,0.0,500961.0,0.0,0.9989779641531021
2022-03-01,OH,300.0,516954.0,0.0,517254.0,0.0,0.9994200139584382
2022-04-01,OH,249.0,461964.0,0.0,462213.0,0.0,0.9994612871123354
2022-05-01,OH,149.0,443730.0,0.0,443879.0,0.0,0.9996643227096429
2022-06-01,OH,122.0,400567.0,0.0,400689.0,0.0,0.999695524209625
2022-07-01,OH,110.0,394458.0,0.0,394568.0,0.0,0.9997212138339345
2022-08-01,OH,78.0,369867.0,0.0,369945.0,0.0,0.9997891575775347
2022-09-01,OH,83.0,341212.0,0.0,341295.0,0.0,0.9997568083330384
2022-10-01,OH,144.0,336010.0,0.0,336154.0,0.0,0.9995716246126563
2022-11-01,OH,464.0,311977.0,0.0,312441.0,0.0,0.9985149192972386
2022-12-01,OH,656.0,300140.0,0.0,300796.0,0.0,0.9978191196033793
2023-01-01,OH,637.0,298814.0,0.0,299451.0,0.0,0.9978727735095649
2023-02-01,OH,330.0,258898.0,0.0,259228.0,0.0,0.9987269889831627
2023-03-01,OH,416.0,270967.0,0.0,271383.0,0.0,0.9984671106891488
2023-04-01,OH,202.0,259543.0,0.0,259745.0,0.0,0.9992223138080724
2023-05-01,OH,149.0,257428.0,0.0,257577.0,0.0,0.9994215318140123
2023-06-01,OH,130.0,244005.0,0.0,244135.0,0.0,0.9994675073219867
2023-07-01,OH,104.0,244931.0,0.0,245035.0,0.0,0.9995755704288874
2023-08-01,OH,99.0,236147.0,0.0,236246.0,0.0,0.9995809448627359
2023-09-01,OH,111.0,202254.0,0.0,202365.0,0.0,0.9994514856820836
2023-10-01,OH,120.0,205433.0,0.0,205553.0,0.0,0.999416208472065
2023-11-01,OH,203.0,214681.0,0.0,214884.0,0.0,0.9990553037922528
2023-12-01,OH,300.0,203455.0,0.0,203755.0,0.0,0.9985276430033483
2024-01-01,OH,325.0,198280.0,0.0,198605.0,0.0,0.9983635855097487
2024-02-01,OH,-3379.0,189681.0,0.0,186302.0,0.0,1.0181372175187935
2024-03-01,OH,-2957.0,193520.0,0.0,190563.0,0.0,1.015517177513202
2024-04-01,OH,-1932.0,184005.0,0.0,182073.0,0.0,1.0106111279483443
2024-05-01,OH,-3138.0,181597.0,0.0,178459.0,0.0,1.017583870234853
2024-06-01,OH,-4083.0,175977.0,0.0,171894.0,0.0,1.023753009980713
2024-07-01,OH,-3796.0,175490.0,0.0,171694.0,0.0,1.02210910047986
2024-08-01,OH,-3073.0,170726.0,0.0,167653.0,0.0,1.0183295252585223
2024-09-01,OH,-3798.0,162230.0,0.0,158432.0,0.0,1.0239724291658425
2024-10-01,OH,-909.0,154841.0,0.0,153932.0,0.0,1.0059052042421945
2024-11-01,OH,-1979.0,173667.0,0.0,171688.0,0.0,1.0115267223035234
2024-12-01,OH,1221.0,175782.0,0.0,177003.0,0.0,0.9931018112726328
2025-01-01,OH,906.0,166455.0,0.0,167361.0,0.0,0.9945865518283312
2025-02-01,OH,692.0,150560.0,0.0,151252.0,0.0,0.9954248532281061
2025-03-01,OH,417.0,156891.0,0.0,157308.0,0.0,0.997349148805306
2025-04-01,OH,-735.0,160527.0,0.0,159792.0,0.0,1.004599729019851
2025-05-01,OH,-709.0,158411.0,0.0,157702.0,0.0,1.0044958205954928
2015-01-01,OK,589297.0,1271624.0,18.0,1860939.0,9.67253628358197e-06,0.6833238488374244
2015-02-01,OK,502745.0,1070449.0,16.0,1573210.0,1.017028877199037e-05,0.68042346535552
2015-03-01,OK,607520.0,1166882.0,13.0,1774415.0,7.326358264141908e-06,0.6576150449214183
2015-04-01,OK,612390.0,1092765.0,15.0,1705170.0,8.796776860442256e-06,0.6408539910600788
2015-05-01,OK,592770.0,1033101.0,16.0,1625887.0,9.840782292383125e-06,0.6354076266902061
2015-06-01,OK,694196.0,894588.0,14.0,1588798.0,8.811692864114148e-06,0.5630596211372962
2015-07-01,OK,614019.0,1021484.0,15.0,1635518.0,9.171406245044604e-06,0.6245629824542094
2015-08-01,OK,739272.0,936273.0,47.0,1675592.0,2.8049787774825267e-05,0.5587714670063613
2015-09-01,OK,653353.0,858459.0,39.0,1511851.0,2.579619287708933e-05,0.5678198446429032
2015-10-01,OK,641342.0,940603.0,110.0,1582055.0,6.952982038743723e-05,0.5945450695080421
2015-11-01,OK,584655.0,921446.0,12.0,1506113.0,7.967529660260052e-06,0.6118040279439986
2015-12-01,OK,593407.0,1061863.0,12.0,1655282.0,7.249520020923956e-06,0.6414997564981979
2016-01-01,OK,593128.0,1068399.0,11.0,1661538.0,6.620372208964202e-06,0.643018095244104
2016-02-01,OK,548815.0,978139.0,11.0,1526965.0,7.203832438385697e-06,0.6405772234045589
2016-03-01,OK,566589.0,1000423.0,10.0,1567022.0,6.381531337378701e-06,0.6384230725134412
2016-04-01,OK,540245.0,907263.0,19.0,1447527.0,1.3125834612195431e-05,0.6267675835665402
2016-05-01,OK,630683.0,992198.0,11.0,1622892.0,6.778023429360794e-06,0.6113764809604474
2016-06-01,OK,610238.0,904655.0,10.0,1514903.0,6.601082709150283e-06,0.5971702478246349
2016-07-01,OK,611855.0,908549.0,11.0,1520415.0,7.234866795760706e-06,0.5975664538565084
2016-08-01,OK,558384.0,867197.0,9.0,1425590.0,6.313175597029077e-06,0.6083074375796472
2016-09-01,OK,635625.0,824802.0,16.0,1460443.0,1.095557991575463e-05,0.5647615141046407
2016-10-01,OK,638473.0,850306.0,41.0,1488820.0,2.7538587604442537e-05,0.5711274700386126
2016-11-01,OK,598585.0,795162.0,79.0,1393826.0,5.667852371410215e-05,0.5704887123234543
2016-12-01,OK,605414.0,790896.0,95.0,1396405.0,6.803183889573356e-05,0.5663800974240009
2017-01-01,OK,582882.0,789522.0,48.0,1372452.0,3.497390072403451e-05,0.575263834321691
2017-02-01,OK,553352.0,718853.0,2215.0,1274420.0,0.001738045542149523,0.5640628677701179
2017-03-01,OK,589816.0,773988.0,835.0,1364639.0,0.0006118834357942369,0.5671741756928261
2017-04-01,OK,547433.0,727485.0,931.0,1275849.0,0.0007297101772443517,0.5701967865656361
2017-05-01,OK,544192.0,722290.0,588.0,1267070.0,0.00046406275892696826,0.5700474322199999
2017-06-01,OK,521937.0,706963.0,536.0,1229436.0,0.00043597226692272125,0.5750303390680742
2017-07-01,OK,566889.0,714879.0,517.0,1282285.0,0.000403186499069771,0.5575039869796883
2017-08-01,OK,581192.0,708430.0,517.0,1290139.0,0.0004007320141162516,0.5491113747782904
2017-09-01,OK,594953.0,721229.0,534.0,1316716.0,0.00040555442476543504,0.5477483374890448
2017-10-01,OK,590972.0,784764.0,509.0,1376245.0,0.00036984693856327566,0.5702211451761698
2017-11-01,OK,581165.0,758299.0,515.0,1339979.0,0.00038433438133102574,0.5659036447163796
2017-12-01,OK,589041.0,774762.0,509.0,1364312.0,0.000373081817035027,0.5678774356182547
2018-01-01,OK,540903.0,762435.0,668.0,1304006.0,0.0005122675815515981,0.5846867268567256
2018-02-01,OK,493287.0,714729.0,649.0,1208665.0,0.0005369560630499803,0.5913375500580113
2018-03-01,OK,660727.0,774611.0,489.0,1435827.0,0.0003405702775932915,0.5394876959035115
2018-04-01,OK,625269.0,721753.0,492.0,1347514.0,0.00036511680024362513,0.5356181827769049
2018-05-01,OK,664803.0,773473.0,514.0,1438790.0,0.00035724462914273487,0.5375857490990634
2018-06-01,OK,673598.0,730582.0,616.0,1404796.0,0.00043849783168242945,0.5200626994581374
2018-07-01,OK,708645.0,752969.0,9935.0,1471549.0,0.0067513891819605465,0.5116846261652391
2018-08-01,OK,663185.0,746264.0,15141.0,1424590.0,0.010628321130246013,0.5238447552963418
2018-09-01,OK,665279.0,734952.0,11576.0,1411807.0,0.008199421025097664,0.520575404391636
2018-10-01,OK,678454.0,752170.0,9709.0,1440333.0,0.006740802300111099,0.5222195144787893
2018-11-01,OK,662949.0,719716.0,1085.0,1383750.0,0.0007841011742884118,0.5201199638287176
2018-12-01,OK,678642.0,736104.0,554.0,1415300.0,0.00039143644454239833,0.5201045714321978
2019-01-01,OK,663699.0,729167.0,171.0,1393037.0,0.00012275337983680596,0.5234369223126566
2019-02-01,OK,584771.0,642788.0,506.0,1228065.0,0.00041203030780846044,0.5234152914932503
2019-03-01,OK,652077.0,693788.0,522.0,1346387.0,0.00038770427816165007,0.5152961221019442
2019-04-01,OK,682504.0,665850.0,513.0,1348867.0,0.00038031918637046355,0.4936365111983882
2019-05-01,OK,782968.0,646482.0,505.0,1429955.0,0.0003531579664847385,0.4520995415623499
2019-06-01,OK,791317.0,627664.0,508.0,1419489.0,0.0003578752635379439,0.44217602246708665
2019-07-01,OK,850130.0,679168.0,558.0,1529856.0,0.00036474021081953203,0.44394243638329733
2019-08-01,OK,811217.0,676016.0,656.0,1487889.0,0.00044089310422747304,0.4543457206515845
2019-09-01,OK,778350.0,738444.0,547.0,1517341.0,0.0003604990572085972,0.4866697729457867
2019-10-01,OK,773747.0,761803.0,63.0,1535613.0,4.102596161656446e-05,0.4960904863076771
2019-11-01,OK,705272.0,690648.0,447.0,1396367.0,0.0003201164163633116,0.49460349603688686
2019-12-01,OK,744802.0,674354.0,889.0,1420045.0,0.0006260364987992609,0.47488213398343837
2020-01-01,OK,691330.0,670253.0,442.0,1362025.0,0.00032451680399959494,0.49210036522882467
2020-02-01,OK,618381.0,625683.0,63.0,1244127.0,5.063791718605593e-05,0.5029092688686195
2020-03-01,OK,681561.0,622427.0,449.0,1304437.0,0.00034420980083022716,0.4771614113615942
2020-04-01,OK,651557.0,559237.0,37.0,1210831.0,3.0557526192296236e-05,0.4618621425730046
2020-05-01,OK,616074.0,576579.0,445.0,1193098.0,0.00037297858177844746,0.4832620622544617
2020-06-01,OK,589245.0,622613.0,434.0,1212292.0,0.0003579995578327664,0.5135833610620557
2020-07-01,OK,542780.0,629163.0,412.0,1172355.0,0.0003514293878260911,0.5366659415845314
2020-08-01,OK,526182.0,643922.0,491.0,1170595.0,0.00041944481221776575,0.5500809416963098
2020-09-01,OK,578811.0,614711.0,378.0,1193900.0,0.0003166094312491323,0.5148764552713898
2020-10-01,OK,543973.0,613289.0,388.0,1157650.0,0.0003351617500682277,0.529770656024725
2020-11-01,OK,526223.0,595364.0,379.0,1121966.0,0.00033779989764950096,0.5306435310400989
2020-12-01,OK,517276.0,594808.0,348.0,1112432.0,0.00031282810991477874,0.5346915586269819
2021-01-01,OK,504056.0,615978.0,1.0,1120035.0,8.928292418636177e-07,0.5499631707446675
2021-02-01,OK,331262.0,486685.0,0.0,817947.0,0.0,0.595007989442469
2021-03-01,OK,462234.0,642609.0,2.0,1104845.0,1.8102086716407993e-06,0.5816281921372113
2021-04-01,OK,457911.0,582002.0,3.0,1039916.0,2.8848483913234486e-06,0.5596625111490099
2021-05-01,OK,458875.0,621590.0,10.0,1080475.0,9.255188689302835e-06,0.5752932737383749
2021-06-01,OK,429914.0,587217.0,0.0,1017131.0,0.0,0.5773268142867215
2021-07-01,OK,439002.0,601713.0,0.0,1040715.0,0.0,0.578172698521865
2021-08-01,OK,431684.0,604168.0,87.0,1035939.0,8.398177884180616e-05,0.5832080845896132
2021-09-01,OK,423503.0,578412.0,84.0,1001999.0,8.383241898606362e-05,0.5772580610781789
2021-10-01,OK,430061.0,605808.0,76.0,1035945.0,7.336296810415968e-05,0.5847878023847997
2021-11-01,OK,499682.0,581826.0,75.0,1081583.0,6.934280586239403e-05,0.5379392981825769
2021-12-01,OK,520756.0,576929.0,62.0,1097747.0,5.6479316267183665e-05,0.5255573460437097
2022-01-01,OK,501006.0,571902.0,55.0,1072963.0,5.125992228518039e-05,0.5330118559043497
2022-02-01,OK,439041.0,496615.0,46.0,935702.0,4.916095081028352e-05,0.5307405562314989
2022-03-01,OK,494934.0,571450.0,52.0,1066436.0,4.876054446316886e-05,0.5358502525668816
2022-04-01,OK,470092.0,546925.0,51.0,1017068.0,5.014413981659593e-05,0.5377467386116025
2022-05-01,OK,441657.0,609556.0,62.0,1051275.0,5.8976005321255046e-05,0.5798254499935958
2022-06-01,OK,415296.0,623747.0,49.0,1039092.0,4.7156555911588525e-05,0.6002808220446043
2022-07-01,OK,429099.0,654538.0,58.0,1083695.0,5.352059388909973e-05,0.6039872841893718
2022-08-01,OK,350475.0,655540.0,46.0,1006061.0,4.5722873658185456e-05,0.651590708649715
2022-09-01,OK,500658.0,650187.0,45.0,1150890.0,3.910017464404937e-05,0.5649427833620118
2022-10-01,OK,540639.0,693645.0,51.0,1234335.0,4.1317794598604285e-05,0.5619584634186052
2022-11-01,OK,462056.0,683792.0,44.0,1145892.0,3.839803401730721e-05,0.5967333744718757
2022-12-01,OK,495641.0,639821.0,42.0,1135504.0,3.698798066435803e-05,0.5634687327773862
2023-01-01,OK,518590.0,674415.0,54.0,1193059.0,4.5261801801481586e-05,0.5652821863323371
2023-02-01,OK,448789.0,592894.0,27.0,1041710.0,2.5918921770366136e-05,0.5691545631155356
2023-03-01,OK,486788.0,624290.0,314.0,1111392.0,0.00028252857675036995,0.5617189973869059
2023-04-01,OK,455103.0,641692.0,85.0,1096880.0,7.749252424353688e-05,0.5850156807868667
2023-05-01,OK,526888.0,625775.0,103.0,1152766.0,8.935031046289097e-05,0.5428465099991805
2023-06-01,OK,548804.0,630549.0,342.0,1179695.0,0.0002899054416361936,0.5345017143808779
2023-07-01,OK,552402.0,642331.0,106.0,1194839.0,8.871488124435886e-05,0.5375879092883988
2023-08-01,OK,532512.0,629046.0,87.0,1161645.0,7.489379284765193e-05,0.5415131128234948
2023-09-01,OK,495934.0,606604.0,92.0,1102630.0,8.34368736490539e-05,0.5501428402501163
2023-10-01,OK,486265.0,614343.0,89.0,1100697.0,8.08578564236245e-05,0.5581399785265028
2023-11-01,OK,470906.0,613723.0,77.0,1084706.0,7.098697710983556e-05,0.5657966305555794
2023-12-01,OK,495904.0,598190.0,73.0,1094167.0,6.67174206435839e-05,0.546708134997061
2024-01-01,OK,469069.0,569621.0,69.0,1038759.0,6.642541724630782e-05,0.5483668492356392
2024-02-01,OK,472596.0,546798.0,75.0,1019469.0,7.356771024194285e-05,0.5363556909983183
2024-03-01,OK,490155.0,573541.0,84.0,1063780.0,7.896369549352651e-05,0.5391537723458653
2024-04-01,OK,466720.0,556574.0,96.0,1023390.0,9.38058804469649e-05,0.5438532719155109
2024-05-01,OK,484574.0,569061.0,100.0,1053735.0,9.4900520520349e-05,0.5400418510783032
2024-06-01,OK,452378.0,543386.0,197.0,995961.0,0.00019779890977680864,0.5455896364872129
2024-07-01,OK,452451.0,552468.0,336.0,1005255.0,0.0003342435501107437,0.5495799572695903
2024-08-01,OK,437617.0,534724.0,315.0,972656.0,0.00032385550489342016,0.5497565428527911
2024-09-01,OK,425899.0,517944.0,301.0,944144.0,0.00031880730054750046,0.5485858088862943
2024-10-01,OK,432909.0,546798.0,314.0,980021.0,0.00032040129749052304,0.5579451868319204
2024-11-01,OK,407895.0,503395.0,280.0,911570.0,0.00030716236818816305,0.5522285726217154
2024-12-01,OK,440341.0,552948.0,266.0,993555.0,0.0002677254907611833,0.5565348671632134
2025-01-01,OK,420351.0,521847.0,646.0,942844.0,0.0006851610658088549,0.5534818060513211
2025-02-01,OK,375545.0,466962.0,584.0,843091.0,0.0006926891639582574,0.5538690366100613
2025-03-01,OK,440327.0,491647.0,580.0,932554.0,0.0006219478978566445,0.5272048588578029
2025-04-01,OK,400598.0,481193.0,554.0,882345.0,0.0006278723174463649,0.5453569748176329
2025-05-01,OK,405402.0,486428.0,504.0,892334.0,0.0005648109339591665,0.5451187559204156
2015-01-01,Offshore Alaska,3011486.0,0.0,2046.0,3013532.0,0.0006789375390512217,0.0
2015-02-01,Offshore Alaska,2711198.0,0.0,1516.0,2712714.0,0.0005588499192853044,0.0
2015-03-01,Offshore Alaska,3079877.0,0.0,1316.0,3081193.0,0.00042710729251860865,0.0
2015-04-01,Offshore Alaska,2879787.0,0.0,1425.0,2881212.0,0.0004945835294141985,0.0
2015-05-01,Offshore Alaska,2381537.0,0.0,1820.0,2383357.0,0.0007636287807171302,0.0
2015-06-01,Offshore Alaska,2010727.0,0.0,3209.0,2013936.0,0.0015933972081737752,0.0
2015-07-01,Offshore Alaska,2645887.0,0.0,1292.0,2647179.0,0.0004880667306408798,0.0
2015-08-01,Offshore Alaska,2449736.0,0.0,2803.0,2452539.0,0.001142897217897742,0.0
2015-09-01,Offshore Alaska,2645189.0,0.0,1321.0,2646510.0,0.0004991479344306597,0.0
2015-10-01,Offshore Alaska,2752763.0,0.0,1777.0,2754540.0,0.0006451167889867231,0.0
2015-11-01,Offshore Alaska,2810162.0,0.0,1043.0,2811205.0,0.00037101527635405405,0.0
2015-12-01,Offshore Alaska,2850130.0,0.0,1478.0,2851608.0,0.0005183040586041874,0.0
2016-01-01,Offshore Alaska,3051421.0,0.0,995.0,3052416.0,0.00032597129616913385,0.0
2016-02-01,Offshore Alaska,2876893.0,0.0,962.0,2877855.0,0.00033427674429968584,0.0
2016-03-01,Offshore Alaska,3131561.0,0.0,1114.0,3132675.0,0.00035560663010508254,0.0
2016-04-01,Offshore Alaska,2798912.0,0.0,1499.0,2800411.0,0.000535278571590553,0.0
2016-05-01,Offshore Alaska,2847217.0,0.0,926.0,2848143.0,0.00032512412472529914,0.0
2016-06-01,Offshore Alaska,2447099.0,0.0,1939.0,2449038.0,0.000791739450315114,0.0
2016-07-01,Offshore Alaska,1774948.0,0.0,1576.0,1776524.0,0.0008871256453114551,0.0
2016-08-01,Offshore Alaska,2568061.0,0.0,1908.0,2569969.0,0.000742421406610647,0.0
2016-09-01,Offshore Alaska,2515677.0,0.0,1231.0,2516908.0,0.0004890921718040909,0.0
2016-10-01,Offshore Alaska,2300802.0,0.0,1566.0,2302368.0,0.0006801692865484507,0.0
2016-11-01,Offshore Alaska,2427275.0,0.0,1748.0,2429023.0,0.0007196308968371387,0.0
2016-12-01,Offshore Alaska,2948340.0,0.0,1998.0,2950338.0,0.0006772105433114033,0.0
2017-01-01,Offshore Alaska,2792393.0,0.0,1032.0,2793425.0,0.0003694389503792141,0.0
2017-02-01,Offshore Alaska,2599490.0,0.0,940.0,2600430.0,0.00036147867851234303,0.0
2017-03-01,Offshore Alaska,2883140.0,0.0,1452.0,2884592.0,0.0005033640805873633,0.0
2017-04-01,Offshore Alaska,2739778.0,0.0,912.0,2740690.0,0.0003327629173553827,0.0
2017-05-01,Offshore Alaska,2541392.0,0.0,1614.0,2543006.0,0.0006346819472453198,0.0
2017-06-01,Offshore Alaska,2000074.0,0.0,5575.0,2005649.0,0.0027796488815949524,0.0
2017-07-01,Offshore Alaska,2290454.0,0.0,1713.0,2292167.0,0.0007473277470294561,0.0
2017-08-01,Offshore Alaska,2252878.0,0.0,1459.0,2254337.0,0.0006471969363654504,0.0
2017-09-01,Offshore Alaska,2252999.0,0.0,1341.0,2254340.0,0.0005948525954117457,0.0
2017-10-01,Offshore Alaska,2047117.0,0.0,1262.0,2048379.0,0.0006160969234396517,0.0
2017-11-01,Offshore Alaska,2263254.0,0.0,947.0,2264201.0,0.00041824908652463944,0.0
2017-12-01,Offshore Alaska,2273271.0,0.0,2583.0,2275854.0,0.0011349585693486946,0.0
2018-01-01,Offshore Alaska,2452444.0,0.0,939.0,2453383.0,0.0003827368168613406,0.0
2018-02-01,Offshore Alaska,1828018.0,0.0,1808.0,1829826.0,0.000988072089860562,0.0
2018-03-01,Offshore Alaska,1908804.0,0.0,6137.0,1914941.0,0.0032047984766525547,0.0
2018-04-01,Offshore Alaska,2311532.0,0.0,1107.0,2312639.0,0.00047867393049764046,0.0
2018-05-01,Offshore Alaska,2225391.0,0.0,959.0,2226350.0,0.0004307498820746626,0.0
2018-06-01,Offshore Alaska,1455049.0,0.0,9201.0,1464250.0,0.006283763018181065,0.0
2018-07-01,Offshore Alaska,2073863.0,0.0,1460.0,2075323.0,0.000703504948352449,0.0
2018-08-01,Offshore Alaska,2171989.0,0.0,6559.0,2178548.0,0.003010720902040684,0.0
2018-09-01,Offshore Alaska,1869661.0,0.0,4172.0,1873833.0,0.0022264524105282354,0.0
2018-10-01,Offshore Alaska,1771325.0,0.0,3705.0,1775030.0,0.0020872886654260893,0.0
2018-11-01,Offshore Alaska,2090542.0,0.0,1541.0,2092083.0,0.0007365864547087001,0.0
2018-12-01,Offshore Alaska,2033925.0,0.0,1850.0,2035775.0,0.0009087448268640324,0.0
2019-01-01,Offshore Alaska,2299326.0,0.0,7587.0,2306913.0,0.003288810631207644,0.0
2019-02-01,Offshore Alaska,2113440.0,0.0,1153.0,2114593.0,0.0005452585911073545,0.0
2019-03-01,Offshore Alaska,2237708.0,0.0,940.0,2238648.0,0.0004198962945304534,0.0
2019-04-01,Offshore Alaska,2230430.0,0.0,928.0,2231358.0,0.0004158902336417603,0.0
2019-05-01,Offshore Alaska,1903188.0,0.0,1010.0,1904198.0,0.0005304070269724888,0.0
2019-06-01,Offshore Alaska,1539114.0,0.0,4618.0,1543732.0,0.0029914518839415484,0.0
2019-07-01,Offshore Alaska,1848000.0,0.0,1115.0,1849115.0,0.0006029911606036946,0.0
2019-08-01,Offshore Alaska,1384498.0,0.0,8668.0,1393166.0,0.006221799842501052,0.0
2019-09-01,Offshore Alaska,1845039.0,0.0,1833.0,1846872.0,0.0009924889217556771,0.0
2019-10-01,Offshore Alaska,1921565.0,0.0,2309.0,1923874.0,0.0012001825482749813,0.0
2019-11-01,Offshore Alaska,2040469.0,0.0,3557.0,2044026.0,0.0017401931285736974,0.0
2019-12-01,Offshore Alaska,2264900.0,0.0,3044.0,2267944.0,0.0013421848157916516,0.0
2020-01-01,Offshore Alaska,2275418.0,0.0,1747.0,2277165.0,0.000767182000392278,0.0
2020-02-01,Offshore Alaska,2085290.0,0.0,1318.0,2086608.0,0.0006316471517107359,0.0
2020-03-01,Offshore Alaska,2267992.0,0.0,1063.0,2269055.0,0.00046847696505953023,0.0
2020-04-01,Offshore Alaska,2145104.0,0.0,907.0,2146011.0,0.0004226446182977327,0.0
2020-05-01,Offshore Alaska,2100153.0,0.0,1108.0,2101261.0,0.0005273024150485208,0.0
2020-06-01,Offshore Alaska,1842123.0,0.0,2227.0,1844350.0,0.0012074714668469937,0.0
2020-07-01,Offshore Alaska,1957108.0,0.0,1376.0,1958484.0,0.000702584243695502,0.0
2020-08-01,Offshore Alaska,1933012.0,0.0,1768.0,1934780.0,0.0009137989848502776,0.0
2020-09-01,Offshore Alaska,1937773.0,0.0,2165.0,1939938.0,0.0011160150478460643,0.0
2020-10-01,Offshore Alaska,2047845.0,0.0,3942.0,2051787.0,0.001921252059696194,0.0
2020-11-01,Offshore Alaska,2137646.0,0.0,19633.0,2157279.0,0.009100816352029533,0.0
2020-12-01,Offshore Alaska,2543017.0,0.0,21636.0,2564653.0,0.008436228994392761,0.0
2021-01-01,Offshore Alaska,2590141.0,0.0,5188.0,2595329.0,0.0019989758523100937,0.0
2021-02-01,Offshore Alaska,2308167.0,0.0,881.0,2309048.0,0.00038154252313587497,0.0
2021-03-01,Offshore Alaska,2545385.0,0.0,937.0,2546322.0,0.0003679817399226028,0.0
2021-04-01,Offshore Alaska,2377522.0,0.0,930.0,2378452.0,0.00039101062370016255,0.0
2021-05-01,Offshore Alaska,2089105.0,0.0,1325.0,2090430.0,0.0006338408843810201,0.0
2021-06-01,Offshore Alaska,2021727.0,0.0,961.0,2022688.0,0.00047511034818641774,0.0
2021-07-01,Offshore Alaska,1577617.0,0.0,2899.0,1580516.0,0.0018342111056240992,0.0
2021-08-01,Offshore Alaska,2086416.0,0.0,1208.0,2087624.0,0.0005786482623030465,0.0
2021-09-01,Offshore Alaska,2084523.0,0.0,1393.0,2085916.0,0.0006678121266308033,0.0
2021-10-01,Offshore Alaska,2260637.0,0.0,6312.0,2266949.0,0.0027843590657405898,0.0
2021-11-01,Offshore Alaska,2418028.0,0.0,1070.0,2419098.0,0.00044231362266256626,0.0
2021-12-01,Offshore Alaska,2597670.0,0.0,5578.0,2603248.0,0.00214270787869067,0.0
2022-01-01,Offshore Alaska,2618737.0,0.0,1178.0,2619915.0,0.0004496329079206909,0.0
2022-02-01,Offshore Alaska,2401062.0,0.0,1020.0,2402082.0,0.00042463163204151105,0.0
2022-03-01,Offshore Alaska,2589851.0,0.0,1969.0,2591820.0,0.0007596978184920367,0.0
2022-04-01,Offshore Alaska,2316961.0,0.0,1705.0,2318666.0,0.0007353366116234363,0.0
2022-05-01,Offshore Alaska,2194050.0,0.0,1161.0,2195211.0,0.000528878545136259,0.0
2022-06-01,Offshore Alaska,2121859.0,0.0,907.0,2122766.0,0.000427272718687445,0.0
2022-07-01,Offshore Alaska,2113071.0,0.0,1697.0,2114768.0,0.0008024520892692508,0.0
2022-08-01,Offshore Alaska,1536184.0,0.0,8059.0,1544243.0,0.005218738242283194,0.0
2022-09-01,Offshore Alaska,2116287.0,0.0,966.0,2117253.0,0.00045625156745763255,0.0
2022-10-01,Offshore Alaska,2311223.0,0.0,1602.0,2312825.0,0.0006926594099989122,0.0
2022-11-01,Offshore Alaska,2341801.0,0.0,3775.0,2345576.0,0.0016094127838275371,0.0
2022-12-01,Offshore Alaska,2608536.0,0.0,1697.0,2610233.0,0.0006501335321157102,0.0
2023-01-01,Offshore Alaska,2576517.0,0.0,1913.0,2578430.0,0.0007419243492845677,0.0
2023-02-01,Offshore Alaska,2326706.0,0.0,2146.0,2328852.0,0.0009214840616354546,0.0
2023-03-01,Offshore Alaska,2530157.0,0.0,2393.0,2532550.0,0.0009448974353538965,0.0
2023-04-01,Offshore Alaska,2523152.0,0.0,1713.0,2524865.0,0.0006784521152347373,0.0
2023-05-01,Offshore Alaska,2438956.0,0.0,7895.0,2446851.0,0.003226596143237713,0.0
2023-06-01,Offshore Alaska,2334323.0,0.0,1685.0,2336008.0,0.0007213160228594545,0.0
2023-07-01,Offshore Alaska,2342600.0,0.0,960.0,2343560.0,0.00040963320758121693,0.0
2023-08-01,Offshore Alaska,1688314.0,0.0,1651.0,1689965.0,0.000976943309419015,0.0
2023-09-01,Offshore Alaska,2174990.0,0.0,5631.0,2180621.0,0.002582291924979981,0.0
2023-10-01,Offshore Alaska,2298520.0,0.0,1382.0,2299902.0,0.0006008951685506211,0.0
2023-11-01,Offshore Alaska,2338486.0,0.0,1315.0,2339801.0,0.0005620136071160747,0.0
2023-12-01,Offshore Alaska,2561110.0,0.0,6654.0,2567764.0,0.002591359641984569,0.0
2024-01-01,Offshore Alaska,2582081.0,0.0,1086.0,2583167.0,0.00042041416600551134,0.0
2024-02-01,Offshore Alaska,2424720.0,0.0,1292.0,2426012.0,0.0005325612568885661,0.0
2024-03-01,Offshore Alaska,2537647.0,0.0,1202.0,2538849.0,0.0004734428868958555,0.0
2024-04-01,Offshore Alaska,2421920.0,0.0,1009.0,2422929.0,0.00041643812095127687,0.0
2024-05-01,Offshore Alaska,2321880.0,0.0,1354.0,2323234.0,0.0005828082749915502,0.0
2024-06-01,Offshore Alaska,2123184.0,0.0,1367.0,2124551.0,0.0006434300706058161,0.0
2024-07-01,Offshore Alaska,2213049.0,0.0,1043.0,2214092.0,0.0004710734693738529,0.0
2024-08-01,Offshore Alaska,1716807.0,0.0,5974.0,1722781.0,0.003467649109000642,0.0
2024-09-01,Offshore Alaska,2031697.0,0.0,1189.0,2032886.0,0.0005848827725418502,0.0
2024-10-01,Offshore Alaska,2253716.0,0.0,731.0,2254447.0,0.00032424803065566644,0.0
2024-11-01,Offshore Alaska,2406772.0,0.0,1740.0,2408512.0,0.0007224377540688011,0.0
2024-12-01,Offshore Alaska,2627590.0,0.0,1272.0,2628862.0,0.00048385955594154964,0.0
2025-01-01,Offshore Alaska,2500277.0,0.0,1441.0,2501718.0,0.0005760041699113968,0.0
2025-02-01,Offshore Alaska,2366276.0,0.0,852.0,2367128.0,0.0003599298390133559,0.0
2025-03-01,Offshore Alaska,2587160.0,0.0,4569.0,2591729.0,0.0017629157986130913,0.0
2025-04-01,Offshore Alaska,2510109.0,0.0,2104.0,2512213.0,0.00083750860293942,0.0
2025-05-01,Offshore Alaska,2387355.0,0.0,6053.0,2393408.0,0.0025290297348998154,0.0
2015-01-01,Offshore Gulf,71743848.0,34622906.0,1287672.0,107654426.0,0.011961161726864847,0.32161154247357965
2015-02-01,Offshore Gulf,63117654.0,31371823.0,859703.0,95349180.0,0.009016364902132335,0.3290203754239638
2015-03-01,Offshore Gulf,63109692.0,32954629.0,793650.0,96857971.0,0.008193956489127576,0.34023662337471405
2015-04-01,Offshore Gulf,68463523.0,38986643.0,878634.0,108328800.0,0.008110807098381861,0.35989176470120604
2015-05-01,Offshore Gulf,67710364.0,43995822.0,1006189.0,112712375.0,0.008927049935724513,0.39033710362292484
2015-06-01,Offshore Gulf,62621247.0,43163832.0,892344.0,106677423.0,0.008364881480115651,0.40462012285354454
2015-07-01,Offshore Gulf,69541452.0,47553504.0,949854.0,118044810.0,0.008046554524499597,0.40284281875636646
2015-08-01,Offshore Gulf,71983172.0,47555782.0,859882.0,120398836.0,0.007141946123127684,0.3949853967023444
2015-09-01,Offshore Gulf,69364200.0,47309137.0,685193.0,117358530.0,0.005838459292216902,0.4031163052226343
2015-10-01,Offshore Gulf,66286371.0,45089697.0,728551.0,112104619.0,0.006498849079531238,0.40221087589584315
2015-11-01,Offshore Gulf,59695697.0,41999820.0,641825.0,102337342.0,0.006271659859989062,0.4104056171398213
2015-12-01,Offshore Gulf,65870747.0,42714101.0,681622.0,109266470.0,0.006238162539701119,0.3909168201366888
2016-01-01,Offshore Gulf,66031154.0,39213893.0,841534.0,106086581.0,0.007932520702116008,0.36964046376386694
2016-02-01,Offshore Gulf,61461236.0,35987876.0,776114.0,98225226.0,0.007901371486782936,0.36638119824701
2016-03-01,Offshore Gulf,66630959.0,41053022.0,637820.0,108321801.0,0.005888196042820698,0.378991316807612
2016-04-01,Offshore Gulf,60269015.0,37943490.0,662271.0,98874776.0,0.0066980783855260535,0.38375298063847574
2016-05-01,Offshore Gulf,64491146.0,42676003.0,640616.0,107807765.0,0.005942206482060042,0.3958527755395023
2016-06-01,Offshore Gulf,59890560.0,34124109.0,1115477.0,95130146.0,0.011725799306550285,0.35870973014131746
2016-07-01,Offshore Gulf,57944893.0,42019590.0,1216185.0,101180668.0,0.0120199344799621,0.41529267231126077
2016-08-01,Offshore Gulf,60142542.0,42471993.0,812123.0,103426658.0,0.007852163220813098,0.4106484132935914
2016-09-01,Offshore Gulf,55270389.0,39240749.0,776355.0,95287493.0,0.008147501582386947,0.41181426611736777
2016-10-01,Offshore Gulf,58261080.0,43118520.0,734876.0,102114476.0,0.007196589835110943,0.42225668376301295
2016-11-01,Offshore Gulf,57297651.0,41362769.0,686002.0,99346422.0,0.006905150544820924,0.41634885451595194
2016-12-01,Offshore Gulf,62390719.0,41633665.0,743927.0,104768311.0,0.007100687153382571,0.39738795636363994
2017-01-01,Offshore Gulf,59093403.0,43250619.0,864403.0,103208425.0,0.008375314321472907,0.419060934220807
2017-02-01,Offshore Gulf,51951401.0,37268801.0,950560.0,90170762.0,0.010541776279975828,0.4133135860597326
2017-03-01,Offshore Gulf,60931206.0,41400201.0,743202.0,103074609.0,0.00721033052862979,0.4016527581488069
2017-04-01,Offshore Gulf,52099314.0,39390503.0,745444.0,92235261.0,0.008081985044734593,0.42706555576350885
2017-05-01,Offshore Gulf,54578175.0,41165572.0,716370.0,96460117.0,0.00742659269218238,0.42676261734118903
2017-06-01,Offshore Gulf,51243250.0,35979692.0,1036433.0,88259375.0,0.011743035796467238,0.4076585858438181
2017-07-01,Offshore Gulf,56793683.0,37636001.0,782869.0,95212553.0,0.008222329675365157,0.39528402310523564
2017-08-01,Offshore Gulf,56172407.0,33174106.0,851774.0,90198287.0,0.00944335007159344,0.36779086503009994
2017-09-01,Offshore Gulf,54676921.0,30344472.0,906484.0,85927877.0,0.010549358737199397,0.35313885387817373
2017-10-01,Offshore Gulf,49307405.0,27720058.0,953321.0,77980784.0,0.012225075859698686,0.35547293292107
2017-11-01,Offshore Gulf,52286499.0,26265724.0,671874.0,79224097.0,0.00848067728685064,0.33153705746834633
2017-12-01,Offshore Gulf,51260495.0,24004505.0,672624.0,75937624.0,0.008857585536243722,0.3161081916385531
2018-01-01,Offshore Gulf,51789312.0,23340967.0,1154920.0,76285199.0,0.015139503011566975,0.3059697989379224
2018-02-01,Offshore Gulf,50046886.0,22017396.0,767105.0,72831387.0,0.010532615560362,0.3023064218174201
2018-03-01,Offshore Gulf,58176245.0,22876560.0,805178.0,81857983.0,0.009836279498836618,0.27946645106039386
2018-04-01,Offshore Gulf,53804301.0,19183329.0,816893.0,73804523.0,0.011068332492290386,0.2599207774837053
2018-05-01,Offshore Gulf,52290477.0,23174676.0,937525.0,76402678.0,0.012270839511656553,0.30332282331739296
2018-06-01,Offshore Gulf,53956496.0,22493746.0,879186.0,77329428.0,0.011369358635355004,0.2908820947178209
2018-07-01,Offshore Gulf,62208077.0,26570255.0,981197.0,89759529.0,0.01093139648715076,0.2960159806539359
2018-08-01,Offshore Gulf,70862297.0,24013976.0,695506.0,95571779.0,0.007277315618444983,0.2512663910962134
2018-09-01,Offshore Gulf,65539579.0,20095550.0,769471.0,86404600.0,0.00890544021960763,0.2325750017936168
2018-10-01,Offshore Gulf,62664379.0,20586229.0,1144373.0,84394981.0,0.013559728154908217,0.24392717145081894
2018-11-01,Offshore Gulf,65570030.0,21804784.0,810324.0,88185138.0,0.0091888952988777,0.24726143763561695
2018-12-01,Offshore Gulf,65902680.0,23228621.0,906766.0,90038067.0,0.01007091811510117,0.2579866691271171
2019-01-01,Offshore Gulf,68008262.0,22781787.0,912433.0,91702482.0,0.009949926982336257,0.24843152009751662
2019-02-01,Offshore Gulf,58597473.0,18727952.0,793523.0,78118948.0,0.010157881286355573,0.23973635692042378
2019-03-01,Offshore Gulf,72256061.0,20493703.0,921071.0,93670835.0,0.009833060631935401,0.21878424591793294
2019-04-01,Offshore Gulf,68588438.0,19333590.0,796575.0,88718603.0,0.008978669332733995,0.21792036107667528
2019-05-01,Offshore Gulf,67319764.0,21139598.0,1090176.0,89549538.0,0.01217399915562694,0.23606596384647338
2019-06-01,Offshore Gulf,62857349.0,19407634.0,1272611.0,83537594.0,0.015233991536774169,0.23232215665652003
2019-07-01,Offshore Gulf,51571120.0,15734540.0,1232247.0,68537907.0,0.017979057924809434,0.22957427048329682
2019-08-01,Offshore Gulf,69491844.0,22256095.0,909901.0,92657840.0,0.009820010913259127,0.24019656620503974
2019-09-01,Offshore Gulf,65423834.0,19181550.0,968172.0,85573556.0,0.011313915714790075,0.22415277448535134
2019-10-01,Offshore Gulf,65626742.0,21696297.0,975048.0,88298087.0,0.011042685443444496,0.2457165011964011
2019-11-01,Offshore Gulf,63402670.0,20905936.0,874249.0,85182855.0,0.010263203786712404,0.24542422298448974
2019-12-01,Offshore Gulf,64945539.0,23090197.0,933191.0,88968927.0,0.010488954194074421,0.2595310270514339
2020-01-01,Offshore Gulf,65251764.0,21485025.0,1061336.0,87798125.0,0.012088367490749844,0.24470938303039533
2020-02-01,Offshore Gulf,60781590.0,20940968.0,839831.0,82562389.0,0.010172077263885651,0.25363810632919837
2020-03-01,Offshore Gulf,65312437.0,23353026.0,702661.0,89368124.0,0.007862546157947925,0.2613127025020002
2020-04-01,Offshore Gulf,60776210.0,20301605.0,555417.0,81633232.0,0.006803809997371164,0.24869289751966614
2020-05-01,Offshore Gulf,49871855.0,15199827.0,590658.0,65662340.0,0.00899538456897973,0.23148469883919537
2020-06-01,Offshore Gulf,47794578.0,14920282.0,650613.0,63365473.0,0.010267626345959308,0.23546390950125873
2020-07-01,Offshore Gulf,50714472.0,17655050.0,1388828.0,69758350.0,0.019909129157986236,0.25308869834184283
2020-08-01,Offshore Gulf,33201488.0,11324702.0,980349.0,45506539.0,0.02154303582607866,0.24885878488748867
2020-09-01,Offshore Gulf,37154050.0,12191747.0,998822.0,50344619.0,0.019839697267309064,0.24216584100032187
2020-10-01,Offshore Gulf,29646242.0,9477631.0,1072283.0,40196156.0,0.02667625730175125,0.23578451133427836
2020-11-01,Offshore Gulf,46399202.0,14557478.0,866296.0,61822976.0,0.014012525052152112,0.23547035328704416
2020-12-01,Offshore Gulf,50514066.0,17417929.0,684069.0,68616064.0,0.009969516759209667,0.25384622761186965
2021-01-01,Offshore Gulf,55106204.0,17013096.0,784889.0,72904189.0,0.010766034308384164,0.23336239293433006
2021-02-01,Offshore Gulf,49153947.0,15176540.0,916749.0,65247236.0,0.0140503882800276,0.23260050433365084
2021-03-01,Offshore Gulf,56841844.0,17738306.0,599151.0,75179301.0,0.007969627171702527,0.2359466736725366
2021-04-01,Offshore Gulf,52768840.0,17271307.0,628349.0,70668496.0,0.008891500959622954,0.24439896103032333
2021-05-01,Offshore Gulf,54552312.0,17797084.0,654364.0,73003760.0,0.00896342873297353,0.24378311473238667
2021-06-01,Offshore Gulf,50628882.0,17131644.0,694583.0,68455109.0,0.010146547279604585,0.2502609995110076
2021-07-01,Offshore Gulf,54648422.0,17375438.0,860829.0,72884689.0,0.011810834508724033,0.23839627003109198
2021-08-01,Offshore Gulf,47330828.0,14344928.0,614557.0,62290313.0,0.0098660123926334,0.2302914740527467
2021-09-01,Offshore Gulf,25059566.0,9695609.0,650078.0,35405253.0,0.01836106071599499,0.2738466238321363
2021-10-01,Offshore Gulf,46721445.0,13558594.0,530994.0,60811033.0,0.008731869429008495,0.22296273112113887
2021-11-01,Offshore Gulf,51218534.0,15362546.0,641102.0,67222182.0,0.009537060251912774,0.22853387889100574
2021-12-01,Offshore Gulf,53318605.0,16306552.0,618521.0,70243678.0,0.008805361814896986,0.2321426278387186
2022-01-01,Offshore Gulf,51157707.0,15067341.0,976868.0,67201916.0,0.014536311732518853,0.2242099912743199
2022-02-01,Offshore Gulf,43410175.0,13640739.0,774003.0,57824917.0,0.01338528510120752,0.23589725169819803
2022-03-01,Offshore Gulf,49871404.0,14816447.0,750624.0,65438475.0,0.011470682958287962,0.22641797505179267
2022-04-01,Offshore Gulf,51866767.0,13785974.0,638821.0,66291562.0,0.009636535642334635,0.20795970986441992
2022-05-01,Offshore Gulf,48305920.0,13946308.0,734571.0,62986799.0,0.011662300857658027,0.22141636376818988
2022-06-01,Offshore Gulf,50087111.0,14461181.0,698838.0,65247130.0,0.010710632023185217,0.2216370436520018
2022-07-01,Offshore Gulf,51820336.0,14764326.0,830654.0,67415316.0,0.012321443394239491,0.21900551500757037
2022-08-01,Offshore Gulf,53187344.0,15089459.0,697049.0,68973852.0,0.010105989150772519,0.21877071618354912
2022-09-01,Offshore Gulf,50157157.0,14909695.0,792572.0,65859424.0,0.012034298994154528,0.2263866595610882
2022-10-01,Offshore Gulf,52116796.0,14427174.0,791808.0,67335778.0,0.011759097815708375,0.21425718137508673
2022-11-01,Offshore Gulf,51550168.0,13138629.0,722352.0,65411149.0,0.011043255026737041,0.20086222610124022
2022-12-01,Offshore Gulf,51453822.0,13311903.0,1214735.0,65980460.0,0.01841052638914853,0.20175523177588978
2023-01-01,Offshore Gulf,53670037.0,16394759.0,651196.0,70715992.0,0.0092086101259681,0.2318394826445596
2023-02-01,Offshore Gulf,47286574.0,14002852.0,653473.0,61942899.0,0.010549603111067582,0.22606064982488783
2023-03-01,Offshore Gulf,51287930.0,15040744.0,762897.0,67091571.0,0.011370981311480437,0.22418231941502131
2023-04-01,Offshore Gulf,46790720.0,13577861.0,769339.0,61137920.0,0.012583663297651305,0.2220857529987574
2023-05-01,Offshore Gulf,45019505.0,13213618.0,767745.0,59000868.0,0.013012435681432665,0.2239563323030706
2023-06-01,Offshore Gulf,44339175.0,13821747.0,868233.0,59029155.0,0.014708545294245345,0.2341511918979119
2023-07-01,Offshore Gulf,47131145.0,14344775.0,669912.0,62145832.0,0.01077967706666027,0.23082440991339398
2023-08-01,Offshore Gulf,46894087.0,14936413.0,628721.0,62459221.0,0.010066103770314288,0.2391386373514983
2023-09-01,Offshore Gulf,49267002.0,13377329.0,632206.0,63276537.0,0.009991159914440337,0.2114105738747817
2023-10-01,Offshore Gulf,47543960.0,13617214.0,601267.0,61762441.0,0.009735156031139159,0.22047726384353805
2023-11-01,Offshore Gulf,45906991.0,12820386.0,582967.0,59310344.0,0.00982909490457545,0.2161576739460217
2023-12-01,Offshore Gulf,47993380.0,13603488.0,672696.0,62269564.0,0.010802966277376211,0.2184612694570682
2024-01-01,Offshore Gulf,47401361.0,12675302.0,942857.0,61019520.0,0.015451727578297155,0.20772536394876961
2024-02-01,Offshore Gulf,44721369.0,10864262.0,599383.0,56185014.0,0.010668022615406543,0.19336583239047805
2024-03-01,Offshore Gulf,44711173.0,10659089.0,471948.0,55842210.0,0.008451456344567216,0.19087870985014582
2024-04-01,Offshore Gulf,46457343.0,11161475.0,582378.0,58201196.0,0.010006289217819498,0.19177398003953083
2024-05-01,Offshore Gulf,43741399.0,10769570.0,729329.0,55240298.0,0.013202843330039234,0.19495857897038324
2024-06-01,Offshore Gulf,44755042.0,11169509.0,725096.0,56649647.0,0.012799656103748008,0.19716820124192977
2024-07-01,Offshore Gulf,48391368.0,10902356.0,727111.0,60020835.0,0.012114309972508522,0.18164285785064196
2024-08-01,Offshore Gulf,48640050.0,11171898.0,767787.0,60579735.0,0.012673990733018765,0.18441642242214426
2024-09-01,Offshore Gulf,39960024.0,8252799.0,1270404.0,49483227.0,0.025673426674404896,0.16677972517805523
2024-10-01,Offshore Gulf,47281449.0,11834612.0,680540.0,59796601.0,0.011380914443596249,0.19791446005401223
2024-11-01,Offshore Gulf,41431462.0,9627167.0,761218.0,51819847.0,0.01468969987500216,0.18578146322935732
2024-12-01,Offshore Gulf,47604775.0,12003796.0,669339.0,60277910.0,0.011104217116998409,0.1991408793035473
2025-01-01,Offshore Gulf,46322753.0,10659645.0,943235.0,57925633.0,0.016283551014425197,0.1840229350619543
2025-02-01,Offshore Gulf,41569825.0,9892293.0,671825.0,52133943.0,0.01288651809817476,0.18974764674870315
2025-03-01,Offshore Gulf,47433391.0,10638376.0,725300.0,58797067.0,0.012335649327521157,0.18093378705407034
2025-04-01,Offshore Gulf,45289807.0,9362795.0,702327.0,55354929.0,0.012687704829297698,0.16914112562556238
2025-05-01,Offshore Gulf,46000083.0,10249771.0,876641.0,57126495.0,0.015345611524012901,0.17942236785194082
2015-01-01,Offshore Pacific,1360092.0,1322328.0,17892.0,2700312.0,0.006625901006749372,0.48969452417018133
2015-02-01,Offshore Pacific,1145419.0,1351951.0,16928.0,2514298.0,0.006732694374066531,0.5377051566465986
2015-03-01,Offshore Pacific,1071930.0,902315.0,20061.0,1994306.0,0.010059138366426258,0.452445612636554
2015-04-01,Offshore Pacific,1252663.0,520026.0,28153.0,1800842.0,0.01563324267117086,0.2887682539451674
2015-05-01,Offshore Pacific,1815927.0,207743.0,23364.0,2047034.0,0.011413586681441852,0.10148488007031221
2015-06-01,Offshore Pacific,575696.0,430100.0,22825.0,1028621.0,0.02218990279002763,0.4181326260675086
2015-07-01,Offshore Pacific,387552.0,89526.0,18602.0,495680.0,0.03752824402083436,0.1806124918938403
2015-08-01,Offshore Pacific,377594.0,74760.0,10404.0,462758.0,0.02248259348893318,0.16155312276361444
2015-09-01,Offshore Pacific,349545.0,71903.0,14937.0,436385.0,0.03422894919985129,0.16476964144854436
2015-10-01,Offshore Pacific,369432.0,17544.0,56136.0,443112.0,0.12668580401192345,0.03959269890240104
2015-11-01,Offshore Pacific,361584.0,66879.0,11719.0,440182.0,0.026623078629607052,0.15193488144632564
2015-12-01,Offshore Pacific,346226.0,81576.0,16678.0,444480.0,0.0375224981917021,0.1835313174533092
2016-01-01,Offshore Pacific,350261.0,64729.0,14284.0,429274.0,0.033274784861586124,0.1507871429085416
2016-02-01,Offshore Pacific,314742.0,54352.0,16422.0,385516.0,0.04259745379112736,0.14098506932501242
2016-03-01,Offshore Pacific,327680.0,59812.0,15700.0,403192.0,0.03893926465829201,0.14834619730839246
2016-04-01,Offshore Pacific,306429.0,56351.0,16115.0,378895.0,0.04253157206019304,0.14872458064932909
2016-05-01,Offshore Pacific,329556.0,49989.0,32701.0,412246.0,0.07932399584730379,0.12126012135441942
2016-06-01,Offshore Pacific,297265.0,45575.0,36651.0,379491.0,0.09657936549310013,0.12009507468685816
2016-07-01,Offshore Pacific,291223.0,44462.0,16781.0,352466.0,0.047610265941222626,0.12614550052312976
2016-08-01,Offshore Pacific,315137.0,48781.0,11926.0,375844.0,0.031731250191108215,0.12979055136445158
2016-09-01,Offshore Pacific,276510.0,53160.0,16220.0,345890.0,0.046893521048051834,0.15369047958781967
2016-10-01,Offshore Pacific,292872.0,55762.0,12903.0,361537.0,0.035689293202164844,0.15423594261327722
2016-11-01,Offshore Pacific,273709.0,48057.0,11450.0,333216.0,0.03436209544728882,0.14422176601837194
2016-12-01,Offshore Pacific,295385.0,36643.0,11703.0,343731.0,0.034046972768226616,0.10660371042861898
2017-01-01,Offshore Pacific,322932.0,35541.0,11527.0,370000.0,0.03115405404563404,0.09605675673079547
2017-02-01,Offshore Pacific,238594.0,34416.0,38943.0,311953.0,0.1248361130924094,0.1103243116397905
2017-03-01,Offshore Pacific,309434.0,36218.0,16971.0,362623.0,0.04680067175915464,0.09987783452790423
2017-04-01,Offshore Pacific,289551.0,36347.0,9199.0,335097.0,0.027451752767869677,0.10846710053851061
2017-05-01,Offshore Pacific,292737.0,33691.0,10777.0,337205.0,0.03195978706366757,0.09991251609557612
2017-06-01,Offshore Pacific,281523.0,33162.0,10714.0,325399.0,0.03292573116914135,0.10191180670441156
2017-07-01,Offshore Pacific,289524.0,35192.0,9298.0,334014.0,0.027837156518039016,0.10536085310634857
2017-08-01,Offshore Pacific,286819.0,33430.0,13078.0,333327.0,0.039234745448393095,0.10029190551611723
2017-09-01,Offshore Pacific,253354.0,39788.0,13179.0,306321.0,0.04302349494712295,0.1298898867103823
2017-10-01,Offshore Pacific,273340.0,58435.0,18300.0,350075.0,0.05227451258950953,0.16692137394360598
2017-11-01,Offshore Pacific,255522.0,44892.0,12699.0,313113.0,0.04055724289935032,0.14337315916510232
2017-12-01,Offshore Pacific,201184.0,45773.0,23858.0,270815.0,0.08809704038251313,0.16901944125361615
2018-01-01,Offshore Pacific,233807.0,35511.0,13738.0,283056.0,0.0485345655811802,0.12545574016256297
2018-02-01,Offshore Pacific,232022.0,17811.0,26257.0,276090.0,0.09510304607370675,0.06451157229000994
2018-03-01,Offshore Pacific,259293.0,35419.0,8620.0,303332.0,0.028417707321213157,0.11676644728654859
2018-04-01,Offshore Pacific,250147.0,24359.0,17865.0,292371.0,0.061103871430099474,0.08331537666755069
2018-05-01,Offshore Pacific,229422.0,34133.0,26833.0,290388.0,0.0924039560545188,0.11754273588524913
2018-06-01,Offshore Pacific,234938.0,32994.0,20471.0,288403.0,0.07098053762582894,0.11440241602396563
2018-07-01,Offshore Pacific,243513.0,52345.0,13022.0,308880.0,0.042158767145118244,0.16946710691224193
2018-08-01,Offshore Pacific,238494.0,54669.0,3816.0,296979.0,0.01284939338712522,0.1840837230295463
2018-09-01,Offshore Pacific,226260.0,48422.0,20650.0,295332.0,0.06992130887613895,0.16395785076999517
2018-10-01,Offshore Pacific,202920.0,46884.0,15633.0,265437.0,0.058895331073326125,0.1766294826355672
2018-11-01,Offshore Pacific,222109.0,25558.0,15357.0,263024.0,0.058386306930779584,0.09716983997765609
2018-12-01,Offshore Pacific,215016.0,27875.0,21762.0,264653.0,0.08222842738142835,0.10532659742934083
2019-01-01,Offshore Pacific,190935.0,30322.0,27885.0,249142.0,0.11192412354724449,0.12170569389275766
2019-02-01,Offshore Pacific,154797.0,26779.0,28121.0,209697.0,0.1341030152390816,0.12770330518428813
2019-03-01,Offshore Pacific,160833.0,30877.0,19025.0,210735.0,0.09027926064000794,0.14652051147340475
2019-04-01,Offshore Pacific,192425.0,32354.0,16645.0,241424.0,0.06894509242289702,0.13401318835989248
2019-05-01,Offshore Pacific,211461.0,32556.0,11827.0,255844.0,0.04622738854683815,0.12724941756412134
2019-06-01,Offshore Pacific,206955.0,29536.0,5433.0,241924.0,0.02245746597176904,0.12208792838987123
2019-07-01,Offshore Pacific,214709.0,31366.0,7719.0,253794.0,0.03041443058921234,0.12358842205742121
2019-08-01,Offshore Pacific,210716.0,30188.0,8808.0,249712.0,0.03527263406032844,0.12089126669087137
2019-09-01,Offshore Pacific,208487.0,29980.0,9220.0,247687.0,0.03722440013516075,0.12103986074317996
2019-10-01,Offshore Pacific,209748.0,29095.0,6866.0,245709.0,0.027943624357291093,0.11841243091689257
2019-11-01,Offshore Pacific,198255.0,18326.0,11526.0,228107.0,0.0505289184240164,0.08033948976561898
2019-12-01,Offshore Pacific,213783.0,20720.0,7519.0,242022.0,0.031067423609809262,0.08561205176157041
2020-01-01,Offshore Pacific,211023.0,33169.0,2788.0,246980.0,0.011288363425666708,0.1342983236965348
2020-02-01,Offshore Pacific,205500.0,24968.0,4694.0,235162.0,0.019960707929018842,0.10617361644050756
2020-03-01,Offshore Pacific,212817.0,25365.0,3171.0,241353.0,0.013138432083654053,0.10509502674294705
2020-04-01,Offshore Pacific,182124.0,20991.0,17380.0,220495.0,0.07882264900391271,0.09519943758579585
2020-05-01,Offshore Pacific,158844.0,22099.0,47610.0,228553.0,0.20831054494655044,0.0966909206631762
2020-06-01,Offshore Pacific,120398.0,22181.0,74752.0,217331.0,0.34395461285138584,0.10206091164994367
2020-07-01,Offshore Pacific,203038.0,22532.0,9629.0,235199.0,0.04093979989670883,0.09579972699892443
2020-08-01,Offshore Pacific,198000.0,20270.0,10343.0,228613.0,0.04524239651933949,0.088665123991783
2020-09-01,Offshore Pacific,194648.0,21319.0,5155.0,221122.0,0.023312922267656352,0.09641283992709326
2020-10-01,Offshore Pacific,196851.0,20586.0,11612.0,229049.0,0.05069657581971693,0.08987596536554363
2020-11-01,Offshore Pacific,194637.0,17880.0,7834.0,220351.0,0.035552368704679184,0.08114326684192798
2020-12-01,Offshore Pacific,207541.0,14953.0,5081.0,227575.0,0.022326705471898623,0.0657058112421374
2021-01-01,Offshore Pacific,206796.0,16392.0,4653.0,227841.0,0.020422136480957274,0.07194490891808546
2021-02-01,Offshore Pacific,209191.0,16103.0,3834.0,229128.0,0.01673300512519945,0.07027949440038778
2021-03-01,Offshore Pacific,221345.0,16359.0,10084.0,247788.0,0.04069607888973797,0.06602014622741208
2021-04-01,Offshore Pacific,224986.0,18108.0,5439.0,248533.0,0.021884417754630403,0.07285953975010982
2021-05-01,Offshore Pacific,206641.0,19931.0,3313.0,229885.0,0.014411553596619373,0.08669987163725347
2021-06-01,Offshore Pacific,206684.0,19287.0,12135.0,238106.0,0.050964696374318705,0.08100173868739059
2021-07-01,Offshore Pacific,221326.0,21690.0,3569.0,246585.0,0.014473710884898225,0.08796155480343024
2021-08-01,Offshore Pacific,216601.0,22324.0,5710.0,244635.0,0.023340895610464204,0.09125431761961521
2021-09-01,Offshore Pacific,215618.0,20049.0,2077.0,237744.0,0.008736287768046181,0.08433020388134707
2021-10-01,Offshore Pacific,193913.0,12926.0,7283.0,214122.0,0.034013319493553525,0.06036745404004845
2021-11-01,Offshore Pacific,180351.0,11845.0,18172.0,210368.0,0.08638195919228116,0.05630609215455483
2021-12-01,Offshore Pacific,177441.0,14609.0,17162.0,209212.0,0.08203162338583272,0.06982869048150742
2022-01-01,Offshore Pacific,173704.0,13023.0,6696.0,193423.0,0.034618426953041556,0.0673291180121655
2022-02-01,Offshore Pacific,165641.0,22149.0,17176.0,204966.0,0.08379926422733562,0.10806182483530838
2022-03-01,Offshore Pacific,178949.0,22002.0,7365.0,208316.0,0.03535494151416361,0.10561838739913477
2022-04-01,Offshore Pacific,170089.0,16155.0,9632.0,195876.0,0.0491739671786365,0.08247564781674342
2022-05-01,Offshore Pacific,187275.0,12543.0,5534.0,205352.0,0.02694884879282946,0.061080486159822894
2022-06-01,Offshore Pacific,198355.0,8841.0,12118.0,219314.0,0.0552541105195044,0.0403120639629426
2022-07-01,Offshore Pacific,195655.0,13723.0,8693.0,218071.0,0.03986316381368308,0.0629290460157797
2022-08-01,Offshore Pacific,154578.0,14336.0,28098.0,197012.0,0.14262075399335028,0.07276714105091713
2022-09-01,Offshore Pacific,170863.0,10699.0,11332.0,192894.0,0.05874729122795561,0.05546569615671524
2022-10-01,Offshore Pacific,156288.0,14804.0,19960.0,191052.0,0.10447417451559042,0.07748675749142288
2022-11-01,Offshore Pacific,163275.0,13117.0,18832.0,195224.0,0.09646354951416652,0.067189484864981
2022-12-01,Offshore Pacific,205903.0,16995.0,5587.0,228485.0,0.02445237104210238,0.0743812503777573
2023-01-01,Offshore Pacific,139084.0,17872.0,12400.0,169356.0,0.07321854550578748,0.10552918107092209
2023-02-01,Offshore Pacific,153761.0,11717.0,26987.0,192465.0,0.14021770184697596,0.06087860127250222
2023-03-01,Offshore Pacific,121717.0,13169.0,25096.0,159982.0,0.15686764751230284,0.0823155104434777
2023-04-01,Offshore Pacific,187315.0,23394.0,19137.0,229846.0,0.08326009585406746,0.10178119258034458
2023-05-01,Offshore Pacific,218463.0,21262.0,18436.0,258161.0,0.07141280051153628,0.08235945782579109
2023-06-01,Offshore Pacific,200127.0,33788.0,11624.0,245539.0,0.04734074829361497,0.1376074675967535
2023-07-01,Offshore Pacific,174949.0,34599.0,40661.0,250209.0,0.16250814312734227,0.1382803975323508
2023-08-01,Offshore Pacific,223364.0,27024.0,5525.0,255913.0,0.021589368253434032,0.10559838691055226
2023-09-01,Offshore Pacific,214165.0,30478.0,6687.0,251330.0,0.026606453655907986,0.12126686025493699
2023-10-01,Offshore Pacific,238950.0,35166.0,8325.0,282441.0,0.029475182417044558,0.1245074192045392
2023-11-01,Offshore Pacific,222300.0,28182.0,18804.0,269286.0,0.06982910360366706,0.10465453083166057
2023-12-01,Offshore Pacific,264382.0,27195.0,27827.0,319404.0,0.0871216390254594,0.0851429537247051
2024-01-01,Offshore Pacific,243321.0,31460.0,9725.0,284506.0,0.03418205590244773,0.11057763277028336
2024-02-01,Offshore Pacific,248964.0,34927.0,6942.0,290833.0,0.023869368323447007,0.12009297427730245
2024-03-01,Offshore Pacific,251601.0,29411.0,11392.0,292404.0,0.038959795338312814,0.10058343931663608
2024-04-01,Offshore Pacific,300231.0,40720.0,14790.0,355741.0,0.041575190927788705,0.11446529916021339
2024-05-01,Offshore Pacific,320849.0,38248.0,5478.0,364575.0,0.01502571486936139,0.10491119794146302
2024-06-01,Offshore Pacific,308250.0,33700.0,7913.0,349863.0,0.022617424528281804,0.09632341799609463
2024-07-01,Offshore Pacific,299991.0,33542.0,17456.0,350989.0,0.049733752325647314,0.09556424842500356
2024-08-01,Offshore Pacific,278383.0,33103.0,20740.0,332226.0,0.062427383750089584,0.0996400040636073
2024-09-01,Offshore Pacific,250253.0,40421.0,23865.0,314539.0,0.07587294418947318,0.1285087063516738
2024-10-01,Offshore Pacific,280018.0,41775.0,20342.0,342135.0,0.059456062647944216,0.12210092503774798
2024-11-01,Offshore Pacific,249168.0,22596.0,43786.0,315550.0,0.13876089363373129,0.07160830294038717
2024-12-01,Offshore Pacific,268890.0,33855.0,24060.0,326805.0,0.07362188458756082,0.1035938862307511
2025-01-01,Offshore Pacific,264617.0,31286.0,27757.0,323660.0,0.08575974785708468,0.0966631650198779
2025-02-01,Offshore Pacific,246586.0,32168.0,19025.0,297779.0,0.06388966311798694,0.10802642224333267
2025-03-01,Offshore Pacific,285394.0,32817.0,16942.0,335153.0,0.0505500472767512,0.09791647393938993
2025-04-01,Offshore Pacific,276585.0,32460.0,10632.0,319677.0,0.03325857035906288,0.10153999189759039
2025-05-01,Offshore Pacific,414499.0,31544.0,23677.0,469720.0,0.05040662521280622,0.06715490077766437
2015-01-01,Onshore,14487971.0,10899185.0,1241046.0,26628202.0,0.04660645131035657,0.4093098362390021
2015-02-01,Onshore,13115962.0,9930608.0,932956.0,23979526.0,0.03890635703124863,0.4141286195548063
2015-03-01,Onshore,15075275.0,10932894.0,939625.0,26947794.0,0.03486834580954987,0.4057064559703636
2015-04-01,Onshore,14262189.0,10595668.0,757166.0,25615023.0,0.02955945032713982,0.41365053624814757
2015-05-01,Onshore,14669722.0,10877466.0,707567.0,26254755.0,0.02695005152389748,0.4143046088207096
2015-06-01,Onshore,13921322.0,10287748.0,929129.0,25138199.0,0.036960841944019295,0.4092476155495099
2015-07-01,Onshore,15042888.0,10700861.0,1309481.0,27053230.0,0.048403868964820816,0.3955483688994048
2015-08-01,Onshore,15180214.0,10640611.0,1203229.0,27024054.0,0.04452437076966866,0.3937459198372171
2015-09-01,Onshore,14652629.0,10386064.0,1011964.0,26050657.0,0.03884600683952483,0.3986872192881788
2015-10-01,Onshore,15449080.0,11413680.0,771873.0,27634633.0,0.027931364241284,0.4130208640714967
2015-11-01,Onshore,14920668.0,11280638.0,792175.0,26993481.0,0.02934690046078404,0.4179023075963492
2015-12-01,Onshore,15248629.0,11469215.0,763306.0,27481150.0,0.027775620743572316,0.41734843701803837
2016-01-01,Onshore,15213489.0,11351863.0,821172.0,27386524.0,0.029984528156877504,0.4145054334006955
2016-02-01,Onshore,14409218.0,10528776.0,734075.0,25672069.0,0.02859430613080467,0.41012572847007334
2016-03-01,Onshore,15902763.0,11017571.0,695905.0,27616239.0,0.02519912287829925,0.3989526234893935
2016-04-01,Onshore,15288598.0,10543544.0,511386.0,26343528.0,0.019412206292113144,0.4002328010113139
2016-05-01,Onshore,15331281.0,10740008.0,710747.0,26782036.0,0.026538198962817693,0.4010153671647629
2016-06-01,Onshore,14526804.0,10200601.0,698317.0,25425722.0,0.027464982115247442,0.4011921863992645
2016-07-01,Onshore,14993701.0,10329538.0,718116.0,26041355.0,0.027575984429275755,0.3966590064134656
2016-08-01,Onshore,15261070.0,10549768.0,724146.0,26534984.0,0.027290236918826517,0.3975795877608308
2016-09-01,Onshore,15044358.0,10291572.0,683340.0,26019270.0,0.026262842885191387,0.39553653887908635
2016-10-01,Onshore,15666825.0,10437339.0,835692.0,26939856.0,0.03102065578958172,0.3874311354879275
2016-11-01,Onshore,15064666.0,9911246.0,659664.0,25635576.0,0.025732365053838725,0.3866207648293659
2016-12-01,Onshore,15006822.0,10197239.0,917729.0,26121790.0,0.03513269955835671,0.39037290323369733
2017-01-01,Onshore,14336633.0,10040583.0,1051990.0,25429206.0,0.041369360883539305,0.3948445342713616
2017-02-01,Onshore,13184846.0,9006829.0,998879.0,23190554.0,0.043072666569142444,0.38838352028852613
2017-03-01,Onshore,14871335.0,10055624.0,1096049.0,26023008.0,0.042118459172582515,0.3864128236044564
2017-04-01,Onshore,14432859.0,9723577.0,1213137.0,25369573.0,0.04781858173155765,0.3832771249229016
2017-05-01,Onshore,14436542.0,10985426.0,1597112.0,27019080.0,0.059110524858510684,0.406580312873693
2017-06-01,Onshore,14135239.0,10768273.0,1783076.0,26686588.0,0.06681543552863776,0.40350879625224656
2017-07-01,Onshore,14930979.0,11203702.0,1544730.0,27679411.0,0.055807907183950525,0.40476663321916506
2017-08-01,Onshore,15291923.0,10917079.0,2187130.0,28396132.0,0.07702210991244504,0.38445655203890283
2017-09-01,Onshore,14329599.0,10590072.0,2678713.0,27598384.0,0.09706050180294229,0.3837207279948575
2017-10-01,Onshore,15446318.0,11304921.0,2279638.0,29030877.0,0.07852459985938928,0.3894102475774693
2017-11-01,Onshore,15365914.0,11269593.0,2242777.0,28878284.0,0.07766309798713225,0.390244551925626
2017-12-01,Onshore,16460802.0,12034047.0,1973949.0,30468798.0,0.06478591639858984,0.39496297162626837
2018-01-01,Onshore,17145459.0,11859187.0,1879691.0,30884337.0,0.06086227462140158,0.38398709999705033
2018-02-01,Onshore,15655943.0,10973525.0,1302992.0,27932460.0,0.046647950090874024,0.39285923975048076
2018-03-01,Onshore,17793771.0,12456076.0,2021622.0,32271469.0,0.06264425087044334,0.38597796710033255
2018-04-01,Onshore,17438651.0,12108442.0,2490705.0,32037798.0,0.07774270254129904,0.3779423916700581
2018-05-01,Onshore,18112359.0,12219586.0,2495964.0,32827909.0,0.0760317691873825,0.3722316276666533
2018-06-01,Onshore,17807775.0,11777221.0,2158213.0,31743209.0,0.06798975491082836,0.3710154508941707
2018-07-01,Onshore,18081310.0,11805619.0,2467933.0,32354862.0,0.07627703681729109,0.3648792876929443
2018-08-01,Onshore,18167934.0,11750415.0,2636542.0,32554891.0,0.08098758493744922,0.3609416170357906
2018-09-01,Onshore,17772272.0,11447900.0,2828469.0,32048641.0,0.08825550512395125,0.35720391388715295
2018-10-01,Onshore,18563891.0,11501068.0,2942345.0,33007304.0,0.08914223954767968,0.34844009071341164
2018-11-01,Onshore,17771701.0,10783327.0,3247417.0,31802445.0,0.1021121803682009,0.33907226315354344
2018-12-01,Onshore,19665239.0,10955958.0,2290068.0,32911265.0,0.06958310475130754,0.3328938586823299
2019-01-01,Onshore,19153244.0,10403874.0,2732303.0,32289421.0,0.08461913888116909,0.3222068924669717
2019-02-01,Onshore,16962205.0,9259740.0,2500984.0,28722929.0,0.08707273551354364,0.32238146743209095
2019-03-01,Onshore,19584711.0,10119393.0,3356794.0,33060898.0,0.10153366070062121,0.30608342822295365
2019-04-01,Onshore,20497072.0,9676158.0,3063182.0,33236412.0,0.09216343809887732,0.2911312448519078
2019-05-01,Onshore,20397948.0,9836179.0,3848363.0,34082490.0,0.11291319971013586,0.2885991897883969
2019-06-01,Onshore,19659174.0,9446894.0,4424689.0,33530757.0,0.13195911443296088,0.2817381665427901
2019-07-01,Onshore,20793548.0,9767406.0,4554583.0,35115537.0,0.1297027865467935,0.2781505519899122
2019-08-01,Onshore,21991819.0,9905632.0,3474460.0,35371911.0,0.09822652782288685,0.2800423194543262
2019-09-01,Onshore,22456723.0,9915389.0,2864596.0,35236708.0,0.08129578960644877,0.28139373859702954
2019-10-01,Onshore,23335314.0,10695847.0,2927278.0,36958439.0,0.07920458978237906,0.28940202263334386
2019-11-01,Onshore,22890328.0,9986499.0,3003996.0,35880823.0,0.08372149100347079,0.2783241343146496
2019-12-01,Onshore,23139487.0,10137187.0,2785680.0,36062354.0,0.07724620528078326,0.28110164411263583
2020-01-01,Onshore,22534950.0,10306997.0,2102708.0,34944655.0,0.06017252137684526,0.2949520320051952
2020-02-01,Onshore,21778100.0,9518828.0,1926277.0,33223205.0,0.057979866782696066,0.28651143078975516
2020-03-01,Onshore,22966258.0,10034224.0,1990318.0,34990800.0,0.05688118019577466,0.2867674931688136
2020-04-01,Onshore,20094369.0,9655781.0,1669378.0,31419528.0,0.05313186117864936,0.3073178247607433
2020-05-01,Onshore,16857837.0,9575867.0,1228161.0,27661865.0,0.04439906709094127,0.34617575495959446
2020-06-01,Onshore,18102976.0,9467233.0,1351563.0,28921772.0,0.04673168020255905,0.32733931378641895
2020-07-01,Onshore,19456550.0,9496016.0,1342254.0,30294820.0,0.044306386372177466,0.3134534550780844
2020-08-01,Onshore,20227517.0,9660214.0,1307448.0,31195179.0,0.041911860803741784,0.30967009357340225
2020-09-01,Onshore,19972432.0,9367719.0,1250293.0,30590444.0,0.04087201218772479,0.30623023974314906
2020-10-01,Onshore,21101512.0,9197240.0,1437072.0,31735824.0,0.04528232826081566,0.2898062454584768
2020-11-01,Onshore,18647672.0,11231117.0,1418524.0,31297313.0,0.04532414651684212,0.3588524356696089
2020-12-01,Onshore,18222506.0,12065653.0,1370486.0,31658645.0,0.04328947116958641,0.3811171640467205
2021-01-01,Onshore,18601761.0,11602801.0,1245484.0,31450046.0,0.03960197705262624,0.36892795005651524
2021-02-01,Onshore,15308298.0,9873355.0,1112250.0,26293903.0,0.04230068088392088,0.3754997879151851
2021-03-01,Onshore,18118401.0,11939135.0,1076218.0,31133754.0,0.03456756290926379,0.3834788120944764
2021-04-01,Onshore,17562406.0,11539317.0,1044697.0,30146420.0,0.03465409823111781,0.38277569940184347
2021-05-01,Onshore,18471658.0,11946172.0,1058225.0,31476055.0,0.03362000098159181,0.3795320601632589
2021-06-01,Onshore,17903545.0,11431597.0,1216618.0,30551760.0,0.039821535649534355,0.3741714716259418
2021-07-01,Onshore,17881330.0,11640549.0,952950.0,30474829.0,0.03127006881636228,0.3819725780893406
2021-08-01,Onshore,17948148.0,12231118.0,939014.0,31118280.0,0.030175639527537587,0.39305250804224057
2021-09-01,Onshore,17662423.0,12470424.0,938243.0,31071090.0,0.030196655476102716,0.40135135265482685
2021-10-01,Onshore,18293094.0,12753691.0,950420.0,31997205.0,0.029703219390475814,0.3985876578894982
2021-11-01,Onshore,18279044.0,12263060.0,753441.0,31295545.0,0.024075024096803312,0.3918468267595536
2021-12-01,Onshore,17653344.0,12273973.0,936450.0,30863767.0,0.03034140323820374,0.3976822725482677
2022-01-01,Onshore,16951858.0,11778826.0,1162173.0,29892857.0,0.03887795000645512,0.39403480235966054
2022-02-01,Onshore,15158454.0,11154751.0,694116.0,27007321.0,0.025701031212885937,0.41302693443598854
2022-03-01,Onshore,17268169.0,12230868.0,635603.0,30134640.0,0.02109210529801885,0.40587403731915866
2022-04-01,Onshore,15302914.0,11176352.0,578014.0,27057280.0,0.02136260555376829,0.4130626581814097
2022-05-01,Onshore,16934472.0,12029689.0,669004.0,29633165.0,0.022576191237005643,0.4059535658765914
2022-06-01,Onshore,17079702.0,11433346.0,668233.0,29181281.0,0.022899371689601634,0.3918041157946705
2022-07-01,Onshore,17427651.0,11705295.0,814896.0,29947842.0,0.02721050818944747,0.390856042313864
2022-08-01,Onshore,17480236.0,11769106.0,881291.0,30130633.0,0.02924900382932795,0.39060268000214066
2022-09-01,Onshore,17080175.0,11160762.0,664531.0,28905468.0,0.022989802482966233,0.3861124822459677
2022-10-01,Onshore,17435360.0,11701070.0,728377.0,29864807.0,0.02438914137290628,0.39180129307250566
2022-11-01,Onshore,16764595.0,10698776.0,692120.0,28155491.0,0.02458206109769287,0.37998896911305863
2022-12-01,Onshore,15661860.0,11127420.0,494234.0,27283514.0,0.018114748708622667,0.4078440922221095
2023-01-01,Onshore,16554344.0,11165694.0,509474.0,28229512.0,0.018047566674131498,0.39553266099535994
2023-02-01,Onshore,15290284.0,10096007.0,425463.0,25811754.0,0.01648330446657564,0.3911399047101133
2023-03-01,Onshore,16882820.0,11245406.0,431470.0,28559696.0,0.015107653806906391,0.3937508998681437
2023-04-01,Onshore,17132850.0,11086043.0,393085.0,28611978.0,0.013738476941322481,0.38746160786091943
2023-05-01,Onshore,18042176.0,11683941.0,466454.0,30192571.0,0.015449297113467252,0.3869806582540222
2023-06-01,Onshore,17065944.0,11360351.0,310369.0,28736664.0,0.010800453385922594,0.39532601974816794
2023-07-01,Onshore,17497254.0,11876994.0,405257.0,29779505.0,0.013608587516771657,0.3988311424236271
2023-08-01,Onshore,17349714.0,11536982.0,464643.0,29351339.0,0.015830385114574054,0.3930649296769968
2023-09-01,Onshore,16992748.0,11011025.0,517932.0,28521705.0,0.018159222949616232,0.38605774093664436
2023-10-01,Onshore,17272281.0,11804636.0,511867.0,29588784.0,0.017299359108446974,0.3989564424127772
2023-11-01,Onshore,16914468.0,11070247.0,428080.0,28412795.0,0.015066451575724716,0.3896218939376093
2023-12-01,Onshore,17894769.0,11440841.0,330711.0,29666321.0,0.011147691687111631,0.38565081932341505
2024-01-01,Onshore,15704082.0,10946974.0,400490.0,27051546.0,0.01480469914726942,0.40467091973078106
2024-02-01,Onshore,16205652.0,10514344.0,433453.0,27153449.0,0.015963091834057752,0.38721946519432127
2024-03-01,Onshore,17658308.0,10923087.0,425567.0,29006962.0,0.014671202037584386,0.37656777017746096
2024-04-01,Onshore,17439788.0,10447365.0,319291.0,28206444.0,0.01131978919423051,0.370389298273932
2024-05-01,Onshore,18227761.0,10405626.0,413900.0,29047287.0,0.01424917927786423,0.35823056383765467
2024-06-01,Onshore,17228078.0,9797769.0,501463.0,27527310.0,0.018216927117040434,0.35592903919650726
2024-07-01,Onshore,17988235.0,10492671.0,565517.0,29046423.0,0.01946941969405503,0.3612379741203891
2024-08-01,Onshore,18267168.0,10608408.0,442257.0,29317833.0,0.015084914359069154,0.3618414771638755
2024-09-01,Onshore,17685947.0,10275392.0,375534.0,28336873.0,0.013252485551199482,0.36261559276366656
2024-10-01,Onshore,17486834.0,10529303.0,385907.0,28402044.0,0.013587296745214578,0.3707234239888836
2024-11-01,Onshore,17155780.0,10170534.0,341704.0,27668018.0,0.012350143765222539,0.36759170823017534
2024-12-01,Onshore,17863811.0,10284173.0,398610.0,28546594.0,0.013963487202662554,0.3602591958944024
2025-01-01,Onshore,17472375.0,10065491.0,448231.0,27986097.0,0.016016202616549152,0.35966040566371343
2025-02-01,Onshore,15715925.0,9076067.0,373721.0,25165713.0,0.01485040380133537,0.3606520904042709
2025-03-01,Onshore,17360224.0,10139475.0,441274.0,27940973.0,0.015793079217335082,0.36288911627965537
2025-04-01,Onshore,17535701.0,9692510.0,382501.0,27610712.0,0.013853355176013377,0.35104165368734047
2025-05-01,Onshore,17086074.0,9812739.0,397109.0,27295922.0,0.014548290400248987,0.3594946893519131
2015-01-01,PA,816.0,1573.0,0.0,2389.0,0.0,0.6584344638579127
2015-02-01,PA,567.0,1601.0,0.0,2168.0,0.0,0.738468600624142
2015-03-01,PA,802.0,1580.0,0.0,2382.0,0.0,0.6633081165697684
2015-04-01,PA,801.0,1385.0,0.0,2186.0,0.0,0.633577281172128
2015-05-01,PA,679.0,1318.0,0.0,1997.0,0.0,0.659989951928395
2015-06-01,PA,644.0,1584.0,0.0,2228.0,0.0,0.7109514941224643
2015-07-01,PA,635.0,1191.0,0.0,1826.0,0.0,0.6522453092965329
2015-08-01,PA,766.0,1244.0,0.0,2010.0,0.0,0.6189054418455004
2015-09-01,PA,811.0,1229.0,0.0,2040.0,0.0,0.6024509508602475
2015-10-01,PA,822.0,1546.0,0.0,2368.0,0.0,0.6528715940510306
2015-11-01,PA,749.0,1438.0,0.0,2187.0,0.0,0.6575216891851079
2015-12-01,PA,775.0,999.0,0.0,1774.0,0.0,0.5631341283464415
2016-01-01,PA,783.0,1000.0,0.0,1783.0,0.0,0.5608524643380558
2016-02-01,PA,710.0,1499.0,0.0,2209.0,0.0,0.6785875654781545
2016-03-01,PA,800.0,1700.0,0.0,2500.0,0.0,0.679999972800001
2016-04-01,PA,748.0,1224.0,0.0,1972.0,0.0,0.6206896236972808
2016-05-01,PA,695.0,1549.0,0.0,2244.0,0.0,0.6902851742297159
2016-06-01,PA,658.0,1391.0,0.0,2049.0,0.0,0.678867707229492
2016-07-01,PA,765.0,1932.0,0.0,2697.0,0.0,0.7163514751074721
2016-08-01,PA,723.0,2058.0,0.0,2781.0,0.0,0.740021548363123
2016-09-01,PA,782.0,1366.0,0.0,2148.0,0.0,0.6359403800772634
2016-10-01,PA,640.0,938.0,0.0,1578.0,0.0,0.5944232829896525
2016-11-01,PA,690.0,931.0,0.0,1621.0,0.0,0.574336793686811
2016-12-01,PA,714.0,938.0,0.0,1652.0,0.0,0.5677965757992388
2017-01-01,PA,663.0,955.0,0.0,1618.0,0.0,0.5902348213699121
2017-02-01,PA,650.0,847.0,0.0,1497.0,0.0,0.5657982253975802
2017-03-01,PA,659.0,952.0,0.0,1611.0,0.0,0.5909372693397101
2017-04-01,PA,714.0,1079.0,0.0,1793.0,0.0,0.6017846847861302
2017-05-01,PA,677.0,982.0,0.0,1659.0,0.0,0.5919228094079079
2017-06-01,PA,613.0,2011.0,0.0,2624.0,0.0,0.7663871659151232
2017-07-01,PA,747.0,1777.0,0.0,2524.0,0.0,0.7040411765435349
2017-08-01,PA,692.0,1257.0,0.0,1949.0,0.0,0.6449460931274452
2017-09-01,PA,529.0,8900.0,0.0,9429.0,0.0,0.943896479542937
2017-10-01,PA,610.0,13802.0,0.0,14412.0,0.0,0.9576741537768932
2017-11-01,PA,213.0,11368.0,0.0,11581.0,0.0,0.9816077974129368
2017-12-01,PA,933.0,10263.0,0.0,11196.0,0.0,0.9166666584792189
2018-01-01,PA,606.0,9265.0,0.0,9871.0,0.0,0.9386080342558198
2018-02-01,PA,554.0,7950.0,0.0,8504.0,0.0,0.9348541752721758
2018-03-01,PA,559.0,8553.0,0.0,9112.0,0.0,0.9386523163010062
2018-04-01,PA,531.0,7827.0,0.0,8358.0,0.0,0.9364680433540555
2018-05-01,PA,550.0,7972.0,0.0,8522.0,0.0,0.9354611483752506
2018-06-01,PA,464.0,7383.0,0.0,7847.0,0.0,0.9408691099672599
2018-07-01,PA,605.0,7149.0,0.0,7754.0,0.0,0.9219757425589922
2018-08-01,PA,508.0,7068.0,0.0,7576.0,0.0,0.9329461334088419
2018-09-01,PA,532.0,6351.0,0.0,6883.0,0.0,0.9227081080530567
2018-10-01,PA,562.0,6675.0,0.0,7237.0,0.0,0.9223434997603496
2018-11-01,PA,578.0,5786.0,0.0,6364.0,0.0,0.9091766041926994
2018-12-01,PA,591.0,5834.0,0.0,6425.0,0.0,0.9080155500697968
2019-01-01,PA,569.0,5573.0,0.0,6142.0,0.0,0.9073591516222866
2019-02-01,PA,575.0,5222.0,0.0,5797.0,0.0,0.9008107486491159
2019-03-01,PA,571.0,5464.0,0.0,6035.0,0.0,0.9053852376903855
2019-04-01,PA,483.0,5670.0,0.0,6153.0,0.0,0.9215016915081798
2019-05-01,PA,459.0,5148.0,0.0,5607.0,0.0,0.918138025358694
2019-06-01,PA,493.0,5033.0,0.0,5526.0,0.0,0.9107853617302685
2019-07-01,PA,453.0,4805.0,0.0,5258.0,0.0,0.9138455512771861
2019-08-01,PA,611.0,5359.0,0.0,5970.0,0.0,0.8976549263374384
2019-09-01,PA,512.0,4422.0,0.0,4934.0,0.0,0.8962302209924965
2019-10-01,PA,523.0,4857.0,0.0,5380.0,0.0,0.9027880873087716
2019-11-01,PA,318.0,4766.0,0.0,5084.0,0.0,0.9374508076819275
2019-12-01,PA,400.0,4808.0,0.0,5208.0,0.0,0.9231950667589273
2020-01-01,PA,358.0,4815.0,0.0,5173.0,0.0,0.9307944919622174
2020-02-01,PA,428.0,4412.0,0.0,4840.0,0.0,0.9115702290997886
2020-03-01,PA,440.0,4847.0,0.0,5287.0,0.0,0.9167769828489316
2020-04-01,PA,456.0,4861.0,0.0,5317.0,0.0,0.9142373346955551
2020-05-01,PA,467.0,4410.0,0.0,4877.0,0.0,0.9042443940077015
2020-06-01,PA,389.0,4891.0,0.0,5280.0,0.0,0.9263257400317094
2020-07-01,PA,408.0,4684.0,0.0,5092.0,0.0,0.9198742945822016
2020-08-01,PA,432.0,4482.0,0.0,4914.0,0.0,0.9120878935269049
2020-09-01,PA,426.0,4559.0,0.0,4985.0,0.0,0.914543612546768
2020-10-01,PA,362.0,4526.0,0.0,4888.0,0.0,0.9259410612532516
2020-11-01,PA,388.0,4290.0,0.0,4678.0,0.0,0.9170585524356871
2020-12-01,PA,396.0,3912.0,0.0,4308.0,0.0,0.9080779733500934
2021-01-01,PA,507.0,3958.0,0.0,4465.0,0.0,0.8864501481198175
2021-02-01,PA,458.0,3713.0,0.0,4171.0,0.0,0.8901941766915805
2021-03-01,PA,496.0,4215.0,0.0,4711.0,0.0,0.8947144789914141
2021-04-01,PA,404.0,3722.0,0.0,4126.0,0.0,0.9020843213261192
2021-05-01,PA,434.0,3775.0,0.0,4209.0,0.0,0.896887600454084
2021-06-01,PA,401.0,3831.0,0.0,4232.0,0.0,0.9052457253013769
2021-07-01,PA,427.0,4481.0,0.0,4908.0,0.0,0.9129991664018099
2021-08-01,PA,414.0,4258.0,0.0,4672.0,0.0,0.9113869667939433
2021-09-01,PA,400.0,3878.0,0.0,4278.0,0.0,0.9064983425315956
2021-10-01,PA,415.0,3794.0,0.0,4209.0,0.0,0.9014017367212702
2021-11-01,PA,387.0,3794.0,0.0,4181.0,0.0,0.9074383901593305
2021-12-01,PA,431.0,3834.0,0.0,4265.0,0.0,0.8989448792744459
2022-01-01,PA,367.0,3956.0,0.0,4323.0,0.0,0.9151052298148223
2022-02-01,PA,380.0,3869.0,0.0,4249.0,0.0,0.9105671708503843
2022-03-01,PA,406.0,4092.0,0.0,4498.0,0.0,0.9097376409573668
2022-04-01,PA,446.0,3891.0,0.0,4337.0,0.0,0.8971639175198542
2022-05-01,PA,383.0,3877.0,0.0,4260.0,0.0,0.9100938753499089
2022-06-01,PA,367.0,3782.0,0.0,4149.0,0.0,0.9115449286202716
2022-07-01,PA,379.0,3718.0,0.0,4097.0,0.0,0.9074932656213506
2022-08-01,PA,364.0,4066.0,0.0,4430.0,0.0,0.917832936392033
2022-09-01,PA,328.0,3713.0,0.0,4041.0,0.0,0.9188319495463512
2022-10-01,PA,404.0,3550.0,0.0,3954.0,0.0,0.8978249646478258
2022-11-01,PA,370.0,3406.0,0.0,3776.0,0.0,0.9020126879763588
2022-12-01,PA,407.0,3501.0,0.0,3908.0,0.0,0.8958546341900042
2023-01-01,PA,365.0,3344.0,0.0,3709.0,0.0,0.9015907009546859
2023-02-01,PA,349.0,3269.0,0.0,3618.0,0.0,0.903537841251027
2023-03-01,PA,346.0,3577.0,0.0,3923.0,0.0,0.9118021689573752
2023-04-01,PA,328.0,3045.0,0.0,3373.0,0.0,0.9027571626813767
2023-05-01,PA,459.0,3610.0,0.0,4069.0,0.0,0.8871958494176493
2023-06-01,PA,370.0,3149.0,0.0,3519.0,0.0,0.8948564678926835
2023-07-01,PA,376.0,3481.0,0.0,3857.0,0.0,0.9025148845601533
2023-08-01,PA,367.0,3484.0,0.0,3851.0,0.0,0.9047000544092428
2023-09-01,PA,362.0,3298.0,0.0,3660.0,0.0,0.9010928715548395
2023-10-01,PA,351.0,3319.0,0.0,3670.0,0.0,0.9043596483825709
2023-11-01,PA,328.0,2790.0,0.0,3118.0,0.0,0.8948043330723433
2023-12-01,PA,343.0,2976.0,0.0,3319.0,0.0,0.8966555921465624
2024-01-01,PA,328.0,2726.0,0.0,3054.0,0.0,0.8925998397969928
2024-02-01,PA,440.0,2551.0,0.0,2991.0,0.0,0.852891980846139
2024-03-01,PA,580.0,2536.0,0.0,3116.0,0.0,0.8138639019940981
2024-04-01,PA,586.0,2407.0,0.0,2993.0,0.0,0.8042097960504578
2024-05-01,PA,823.0,537.0,0.0,1360.0,0.0,0.39485291214316826
2024-06-01,PA,878.0,404.0,0.0,1282.0,0.0,0.31513258072288763
2024-07-01,PA,903.0,1055.0,0.0,1958.0,0.0,0.5388150899481569
2024-08-01,PA,358.0,1173.0,0.0,1531.0,0.0,0.7661658545940003
2024-09-01,PA,297.0,1229.0,0.0,1526.0,0.0,0.8053734727802443
2024-10-01,PA,319.0,716.0,0.0,1035.0,0.0,0.6917873727741669
2024-11-01,PA,322.0,1356.0,0.0,1678.0,0.0,0.8081048386111539
2024-12-01,PA,342.0,1279.0,0.0,1621.0,0.0,0.7890190753226974
2025-01-01,PA,280.0,1743.0,0.0,2023.0,0.0,0.8615916529119302
2025-02-01,PA,315.0,889.0,0.0,1204.0,0.0,0.7383720316966751
2025-03-01,PA,287.0,1302.0,0.0,1589.0,0.0,0.8193832083459277
2025-04-01,PA,314.0,1281.0,0.0,1595.0,0.0,0.8031347458849689
2025-05-01,PA,291.0,260.0,0.0,551.0,0.0,0.47186924285494686
2015-01-01,SD,95.0,10610.0,221067.0,231772.0,0.9538123669149801,0.04577774707653308
2015-02-01,SD,218.0,10061.0,201231.0,211510.0,0.9514018245230004,0.04756749087628599
2015-03-01,SD,239.0,10573.0,221340.0,232152.0,0.9534270646156712,0.04554343703886099
2015-04-01,SD,205.0,9460.0,214369.0,224034.0,0.9568592262974105,0.042225733575160136
2015-05-01,SD,101.0,9421.0,225298.0,234820.0,0.9594497909209395,0.04012009196826501
2015-06-01,SD,55.0,9330.0,211822.0,221207.0,0.9575736749028857,0.042177688752083935
2015-07-01,SD,49.0,6537.0,215805.0,222391.0,0.9703854917823178,0.029394175110775987
2015-08-01,SD,140.0,7351.0,207714.0,215205.0,0.9651913287492431,0.03415812828040327
2015-09-01,SD,231.0,6942.0,187908.0,195081.0,0.9632306575405956,0.03558521842948046
2015-10-01,SD,239.0,7030.0,184280.0,191549.0,0.9620514850184279,0.036700791945298177
2015-11-01,SD,189.0,7025.0,166262.0,173476.0,0.9584149963347005,0.040495515206428835
2015-12-01,SD,222.0,6917.0,177019.0,184158.0,0.9612343743083469,0.0375601385562614
2016-01-01,SD,196.0,6646.0,160162.0,167004.0,0.9590309208407997,0.03979545397727273
2016-02-01,SD,94.0,6515.0,128184.0,134793.0,0.9509692632770476,0.048333370391390226
2016-03-01,SD,95.0,7441.0,139878.0,147414.0,0.9488786675967827,0.050476888185330505
2016-04-01,SD,94.0,7047.0,125596.0,132737.0,0.9462018872309892,0.05308994473802335
2016-05-01,SD,73.0,7504.0,141836.0,149413.0,0.9492882139109126,0.050223206782392955
2016-06-01,SD,89.0,7003.0,129202.0,136294.0,0.9479654269828712,0.05138157215183238
2016-07-01,SD,91.0,7796.0,125146.0,133033.0,0.9407139574836966,0.058602000963218145
2016-08-01,SD,83.0,7607.0,121851.0,129541.0,0.9406365544957684,0.058722720946478166
2016-09-01,SD,91.0,6395.0,123780.0,130266.0,0.9502095704556756,0.04909185816015548
2016-10-01,SD,93.0,7681.0,118143.0,125917.0,0.9382609171610974,0.061000500281137175
2016-11-01,SD,90.0,7016.0,119058.0,126164.0,0.9436764838276557,0.055610158162700804
2016-12-01,SD,90.0,6151.0,99037.0,105278.0,0.9407188577473746,0.058426261841575386
2017-01-01,SD,90.0,5320.0,113048.0,118458.0,0.9543298038508755,0.04491043235162637
2017-02-01,SD,85.0,5547.0,99159.0,104791.0,0.9462549255697007,0.05293393511567412
2017-03-01,SD,93.0,6174.0,106328.0,112595.0,0.9443403339896618,0.0548336959413529
2017-04-01,SD,91.0,5905.0,103367.0,109363.0,0.9451734124473785,0.053994495346694496
2017-05-01,SD,94.0,6036.0,103124.0,109254.0,0.9438922136087536,0.055247405078763794
2017-06-01,SD,89.0,5695.0,108439.0,114223.0,0.9493622116829691,0.04985860986853907
2017-07-01,SD,89.0,5957.0,99352.0,105398.0,0.9426364817713462,0.056519098980512814
2017-08-01,SD,93.0,6196.0,100439.0,106728.0,0.9410745062766336,0.05805411882724859
2017-09-01,SD,89.0,7431.0,89497.0,97017.0,0.9224878104636426,0.07659482350866877
2017-10-01,SD,79.0,7251.0,88862.0,96192.0,0.9237982358992449,0.07538048894359146
2017-11-01,SD,68.0,6955.0,84824.0,91847.0,0.9235358793171949,0.0757237579063837
2017-12-01,SD,89.0,6502.0,85779.0,92370.0,0.9286456631713265,0.0703908194539452
2018-01-01,SD,88.0,5945.0,81104.0,87137.0,0.9307641978370104,0.06822589707216693
2018-02-01,SD,76.0,4610.0,77140.0,81826.0,0.9427321377768286,0.05633906086532513
2018-03-01,SD,58.0,5309.0,85961.0,91328.0,0.9412337936435333,0.05813113168126847
2018-04-01,SD,88.0,5168.0,82519.0,87775.0,0.9401196229676791,0.058877812521927864
2018-05-01,SD,90.0,5726.0,80850.0,86666.0,0.9328917903988971,0.06606973892175738
2018-06-01,SD,84.0,5347.0,73308.0,78739.0,0.9310252848892857,0.06790789815985991
2018-07-01,SD,85.0,5030.0,73957.0,79072.0,0.9353121194160864,0.06361290967268703
2018-08-01,SD,88.0,5117.0,72025.0,77230.0,0.932603909189947,0.06625663593647982
2018-09-01,SD,84.0,4485.0,75043.0,79612.0,0.9426091532148304,0.05633572821140565
2018-10-01,SD,77.0,6140.0,76308.0,82525.0,0.9246652518331835,0.07440169636546295
2018-11-01,SD,32.0,6347.0,78023.0,84402.0,0.9244212211506584,0.07519963972986464
2018-12-01,SD,33.0,6091.0,87479.0,93603.0,0.9345747455374563,0.0650727005917837
2019-01-01,SD,81.0,5945.0,84565.0,90591.0,0.9334812498664533,0.06562462047485443
2019-02-01,SD,80.0,4717.0,75639.0,80436.0,0.9403625230737946,0.05864289614271856
2019-03-01,SD,35.0,4972.0,82520.0,87527.0,0.9427947936719014,0.05680532857654743
2019-04-01,SD,35.0,5810.0,75437.0,81282.0,0.9280898588517877,0.07147954027770043
2019-05-01,SD,85.0,4623.0,70833.0,75541.0,0.9376762275616205,0.06119855434638335
2019-06-01,SD,82.0,4445.0,61357.0,65884.0,0.9312883235212064,0.0674670632210141
2019-07-01,SD,80.0,4814.0,54222.0,59116.0,0.9172136123600826,0.08143311441668395
2019-08-01,SD,85.0,4570.0,63974.0,68629.0,0.932171529627167,0.06658992544465178
2019-09-01,SD,42.0,3819.0,76131.0,79992.0,0.9517326720775419,0.04774227416773893
2019-10-01,SD,42.0,5864.0,75476.0,81382.0,0.9274286685908079,0.07205524554317264
2019-11-01,SD,48.0,5458.0,72360.0,77866.0,0.929288776963901,0.07009477811869778
2019-12-01,SD,50.0,5336.0,71975.0,77361.0,0.9303783548165375,0.06897532339424861
2020-01-01,SD,47.0,5145.0,72010.0,77202.0,0.9327478550649622,0.06664335112219456
2020-02-01,SD,38.0,4670.0,67606.0,72314.0,0.9348950397780581,0.06457947276519142
2020-03-01,SD,32.0,4892.0,73175.0,78099.0,0.936951816365188,0.06263844599464981
2020-04-01,SD,31.0,4111.0,62487.0,66629.0,0.9378348752977909,0.061699860328535826
2020-05-01,SD,32.0,4294.0,56944.0,61270.0,0.9293944819170974,0.07008323801194184
2020-06-01,SD,33.0,4257.0,53159.0,57449.0,0.9253250693217897,0.07410050640724729
2020-07-01,SD,32.0,5214.0,54404.0,59650.0,0.9120536447408992,0.0874098908844763
2020-08-01,SD,35.0,5476.0,61483.0,66994.0,0.9177389006213408,0.08173866304185648
2020-09-01,SD,33.0,5663.0,54885.0,60581.0,0.9059771200442761,0.0934781530620522
2020-10-01,SD,34.0,6132.0,58104.0,64270.0,0.9040609912804404,0.0954099889599969
2020-11-01,SD,33.0,5718.0,55332.0,61083.0,0.9058494165220284,0.0936103333274228
2020-12-01,SD,29.0,5910.0,56738.0,62677.0,0.9052443465621451,0.09429296218023683
2021-01-01,SD,32.0,6101.0,59952.0,66085.0,0.9071952774348259,0.09232049619078384
2021-02-01,SD,30.0,4894.0,51285.0,56209.0,0.9123983687445101,0.08706790711973544
2021-03-01,SD,31.0,6174.0,53816.0,60021.0,0.8966195150087145,0.1028639974294597
2021-04-01,SD,31.0,5361.0,44547.0,49939.0,0.892028272708648,0.10735096796621685
2021-05-01,SD,32.0,5723.0,39819.0,45574.0,0.8737218570375174,0.12557598603243958
2021-06-01,SD,30.0,5391.0,35481.0,40902.0,0.8674636915860748,0.13180284550436935
2021-07-01,SD,32.0,5447.0,37702.0,43181.0,0.8731154885873058,0.12614344242573483
2021-08-01,SD,32.0,5410.0,34145.0,39587.0,0.8625306265629358,0.1366610247387753
2021-09-01,SD,29.0,4191.0,32208.0,36428.0,0.8841550431422119,0.11504886319575915
2021-10-01,SD,29.0,4577.0,29095.0,33701.0,0.8633274951386384,0.1358119933063945
2021-11-01,SD,29.0,4646.0,29515.0,34190.0,0.8632641097886397,0.13588768606058005
2021-12-01,SD,29.0,4842.0,35234.0,40105.0,0.8785438202754176,0.12073307537530714
2022-01-01,SD,29.0,4875.0,35023.0,39927.0,0.8771758437218529,0.12209782823127752
2022-02-01,SD,27.0,4160.0,34759.0,38946.0,0.8924921663521488,0.1068145634806795
2022-03-01,SD,29.0,4757.0,41844.0,46630.0,0.8973622112430577,0.10201586939306055
2022-04-01,SD,27.0,4501.0,32885.0,37413.0,0.8789725472991406,0.12030577574558102
2022-05-01,SD,29.0,4395.0,43615.0,48039.0,0.9079081560650551,0.09148816567478889
2022-06-01,SD,29.0,4438.0,39415.0,43882.0,0.8982042730545458,0.10113486144402065
2022-07-01,SD,29.0,4134.0,40572.0,44735.0,0.9069408720086267,0.09241086377017803
2022-08-01,SD,32.0,4100.0,39080.0,43212.0,0.904378411310797,0.09488105134018085
2022-09-01,SD,29.0,5878.0,36269.0,42176.0,0.8599440419671281,0.1393683608228178
2022-10-01,SD,29.0,5910.0,39202.0,45141.0,0.8684344589875402,0.1309231073061671
2022-11-01,SD,28.0,4812.0,37783.0,42623.0,0.8864462827899344,0.11289679254651998
2022-12-01,SD,30.0,5291.0,25612.0,30933.0,0.827983057485588,0.171047101247706
2023-01-01,SD,30.0,5039.0,38032.0,43101.0,0.8823925178478632,0.11691144029857442
2023-02-01,SD,27.0,4767.0,32607.0,37401.0,0.871821606716875,0.12745648477993507
2023-03-01,SD,18.0,5311.0,36472.0,41801.0,0.8725150095152867,0.12705437638560232
2023-04-01,SD,28.0,5068.0,37183.0,42279.0,0.8794673457757579,0.11987038454109515
2023-05-01,SD,29.0,2873.0,38446.0,41348.0,0.929815224606232,0.06948340894485004
2023-06-01,SD,29.0,702.0,33398.0,34129.0,0.9785812623323823,0.020569017490787843
2023-07-01,SD,29.0,5655.0,34795.0,40479.0,0.8595815092774488,0.13970206739370522
2023-08-01,SD,30.0,5532.0,32912.0,38474.0,0.8554348368887176,0.1437854131522966
2023-09-01,SD,26.0,5045.0,30732.0,35803.0,0.8583638218630735,0.14090997921707685
2023-10-01,SD,27.0,4832.0,30954.0,35813.0,0.8643230087836177,0.13492307225051497
2023-11-01,SD,28.0,4255.0,29320.0,33603.0,0.8725411395633095,0.12662559852803143
2023-12-01,SD,27.0,5180.0,32054.0,37261.0,0.8602560294671211,0.13901934961751067
2024-01-01,SD,26.0,4942.0,27854.0,32822.0,0.8486381060001277,0.15056973934991855
2024-02-01,SD,28.0,5032.0,28236.0,33296.0,0.8480297908216309,0.15112926432265358
2024-03-01,SD,30.0,5350.0,30276.0,35656.0,0.8491137512645452,0.15004487281230405
2024-04-01,SD,27.0,4809.0,28739.0,33575.0,0.8559642565719606,0.1432315706828546
2024-05-01,SD,32.0,5031.0,27990.0,33053.0,0.8468217685328964,0.15221008636973926
2024-06-01,SD,31.0,4612.0,16882.0,21525.0,0.7842973250439148,0.21426248448658541
2024-07-01,SD,30.0,4965.0,27071.0,32066.0,0.8442275280851134,0.15483689841315754
2024-08-01,SD,30.0,4580.0,27546.0,32156.0,0.856636394897884,0.1424306501354937
2024-09-01,SD,27.0,4108.0,26698.0,30833.0,0.8658904392505093,0.13323387236651033
2024-10-01,SD,27.0,5027.0,26600.0,31654.0,0.8403361317990266,0.15881089227645512
2024-11-01,SD,25.0,4292.0,26590.0,30907.0,0.8603229014128744,0.13886821710658356
2024-12-01,SD,16.0,4684.0,26906.0,31606.0,0.8512940553967789,0.1481997084471312
2025-01-01,SD,27.0,5298.0,25881.0,31206.0,0.8293597358541315,0.1697750427168652
2025-02-01,SD,23.0,3322.0,23411.0,26756.0,0.874981309332556,0.12415906666108885
2025-03-01,SD,26.0,4094.0,25947.0,30067.0,0.8629726914458619,0.13616256980688937
2025-04-01,SD,24.0,3678.0,24925.0,28627.0,0.8706815213935043,0.1284801057446463
2025-05-01,SD,27.0,3734.0,24848.0,28609.0,0.8685378696615126,0.13051836788941112
2015-01-01,TX,130279.0,3201505.0,12556.0,3344340.0,0.003754402961309125,0.9572905266522755
2015-02-01,TX,112196.0,2813369.0,11440.0,2937005.0,0.003895124454881925,0.9579040552890478
2015-03-01,TX,117852.0,3001025.0,11970.0,3130847.0,0.00382324655264779,0.9585345434970622
2015-04-01,TX,102870.0,2872716.0,10419.0,2986005.0,0.0034892774793247408,0.9620600099141811
2015-05-01,TX,104627.0,2855673.0,10548.0,2970848.0,0.0035505014055397482,0.9612316079125816
2015-06-01,TX,103424.0,2651807.0,9253.0,2764484.0,0.00334709840956406,0.9592412182179662
2015-07-01,TX,100532.0,2641086.0,8683.0,2750301.0,0.003157108985410793,0.9602898009723194
2015-08-01,TX,92861.0,2651615.0,7634.0,2752110.0,0.002773871683807193,0.9634843810398754
2015-09-01,TX,89623.0,2587082.0,6995.0,2683700.0,0.0026064761335988945,0.9639982113886054
2015-10-01,TX,97479.0,2776298.0,7523.0,2881300.0,0.0026109742129382233,0.9635574219635735
2015-11-01,TX,91776.0,2700815.0,7303.0,2799894.0,0.002608313028900083,0.9646133031834558
2015-12-01,TX,87202.0,2319209.0,6750.0,2413161.0,0.0027971610678774786,0.9610668330475644
2016-01-01,TX,100266.0,2327757.0,6464.0,2434487.0,0.0026551795099889557,0.9561591414964977
2016-02-01,TX,82392.0,2752220.0,6061.0,2840673.0,0.002133649314717546,0.96886195626991
2016-03-01,TX,86561.0,2945562.0,7343.0,3039466.0,0.0024158848954909883,0.9691050993507049
2016-04-01,TX,54592.0,2851216.0,8338.0,2914146.0,0.002861215601316433,0.9784053372419088
2016-05-01,TX,65778.0,2859216.0,8710.0,2933704.0,0.0029689430152814006,0.9746095720299455
2016-06-01,TX,58176.0,2773177.0,8021.0,2839374.0,0.0028249184502349843,0.9766860582305577
2016-07-01,TX,47897.0,2844818.0,8132.0,2900847.0,0.002803319168408285,0.9806852963641073
2016-08-01,TX,46725.0,2798451.0,7983.0,2853159.0,0.0027979513233297565,0.9808254639513317
2016-09-01,TX,44465.0,2555187.0,6758.0,2606410.0,0.002592838425167459,0.980347297586322
2016-10-01,TX,46931.0,2773323.0,5935.0,2826189.0,0.002100001096809166,0.9812942446177063
2016-11-01,TX,46208.0,2644433.0,5593.0,2696234.0,0.002074374850177159,0.980787646733155
2016-12-01,TX,43818.0,2662653.0,5149.0,2711620.0,0.0018988648851277516,0.9819417912177244
2017-01-01,TX,40444.0,2632961.0,5344.0,2678749.0,0.001994961080638949,0.9829069464521347
2017-02-01,TX,42015.0,2493504.0,8673.0,2544192.0,0.0034089408345199996,0.9800769752840951
2017-03-01,TX,51423.0,2691369.0,6844.0,2749636.0,0.0024890567332370886,0.9788091950724093
2017-04-01,TX,52387.0,2545501.0,6293.0,2604181.0,0.0024164986994983646,0.9774670039840754
2017-05-01,TX,48572.0,2592879.0,21305.0,2662756.0,0.008001108625499253,0.9737576405433409
2017-06-01,TX,53246.0,2448083.0,6907.0,2508236.0,0.0027537281179779846,0.9760178068979148
2017-07-01,TX,82258.0,2437901.0,8148.0,2528307.0,0.0032227099002129604,0.9642424752625278
2017-08-01,TX,72921.0,2413252.0,12885.0,2499058.0,0.0051559427590253636,0.9656646624061681
2017-09-01,TX,69835.0,2268988.0,15955.0,2354778.0,0.006775585638783122,0.9635676908411933
2017-10-01,TX,70936.0,2363748.0,34130.0,2468814.0,0.013824451740235416,0.9574427234713737
2017-11-01,TX,83081.0,2206978.0,8720.0,2298779.0,0.0037933181047941837,0.960065321592025
2017-12-01,TX,112416.0,2332506.0,11902.0,2456824.0,0.004844465863047396,0.9493988987021701
2018-01-01,TX,105072.0,2256638.0,9233.0,2370943.0,0.0038942311137849274,0.9517892247535353
2018-02-01,TX,97421.0,2047967.0,18037.0,2163425.0,0.008337243028608006,0.9466318452940763
2018-03-01,TX,100772.0,2279243.0,5041.0,2385056.0,0.0021135772073228648,0.9556350039179108
2018-04-01,TX,95633.0,2189101.0,4834.0,2289568.0,0.0021113153222742757,0.956119669695064
2018-05-01,TX,110385.0,2208350.0,4992.0,2323727.0,0.002148273011324124,0.9503482981886278
2018-06-01,TX,323027.0,1910796.0,5039.0,2238862.0,0.002250697005789071,0.8534675205147317
2018-07-01,TX,321627.0,1921932.0,5282.0,2248841.0,0.0023487654306218733,0.8546322305198709
2018-08-01,TX,319510.0,1957691.0,5119.0,2282320.0,0.0022428931962983766,0.8577635913956955
2018-09-01,TX,324623.0,1840005.0,5186.0,2169814.0,0.002390066613894552,0.8480012572115398
2018-10-01,TX,316887.0,1871362.0,5505.0,2193754.0,0.002509397133748388,0.8530409516813171
2018-11-01,TX,306224.0,1856784.0,4226.0,2167234.0,0.0019499509512147766,0.8567528932797865
2018-12-01,TX,321803.0,1861222.0,4536.0,2187561.0,0.002073542177700483,0.850820617077612
2019-01-01,TX,356847.0,1781844.0,4537.0,2143228.0,0.002116900301688999,0.8313833152221144
2019-02-01,TX,764942.0,1265092.0,4570.0,2034604.0,0.0022461373317733506,0.621787826986392
2019-03-01,TX,809283.0,1421673.0,4995.0,2235951.0,0.0022339487760584223,0.6358247564174786
2019-04-01,TX,771757.0,1581483.0,4946.0,2358186.0,0.0020973748465092502,0.6706353951439524
2019-05-01,TX,781557.0,1778002.0,5223.0,2564782.0,0.002036430386596739,0.6932370860099129
2019-06-01,TX,755570.0,1660083.0,6661.0,2422314.0,0.002749849936765017,0.6853293998760966
2019-07-01,TX,755487.0,1718585.0,10535.0,2484607.0,0.004240107187807162,0.6916928914435284
2019-08-01,TX,733910.0,1746467.0,12747.0,2493124.0,0.005112862416586064,0.7005134922811496
2019-09-01,TX,698201.0,1572813.0,11943.0,2282957.0,0.00523137317061901,0.6889367604957546
2019-10-01,TX,707045.0,1530967.0,9151.0,2247163.0,0.0040722457603621885,0.6812888072346649
2019-11-01,TX,697207.0,1612766.0,3752.0,2313725.0,0.0016216274621391209,0.6970430798518821
2019-12-01,TX,733232.0,1587446.0,3927.0,2324605.0,0.0016893192606189302,0.6828884907034577
2020-01-01,TX,732607.0,1574159.0,4237.0,2311003.0,0.0018334030720932254,0.6811583541569978
2020-02-01,TX,685153.0,1441482.0,4156.0,2130791.0,0.0019504493870140035,0.6765008862588353
2020-03-01,TX,709379.0,1429729.0,4577.0,2143685.0,0.0021351084696615823,0.6669492019271979
2020-04-01,TX,670593.0,1408178.0,4587.0,2083358.0,0.0022017339313645692,0.6759174371051007
2020-05-01,TX,692015.0,1357307.0,4793.0,2054115.0,0.002333364977017676,0.660774591458571
2020-06-01,TX,639504.0,1268993.0,4727.0,1913224.0,0.002470698673941436,0.6632746609564131
2020-07-01,TX,645544.0,1378215.0,7759.0,2031518.0,0.003819311470347823,0.6784163369126723
2020-08-01,TX,645103.0,1288987.0,4756.0,1938846.0,0.002453005550597984,0.6648217547621202
2020-09-01,TX,622814.0,1251869.0,4074.0,1878757.0,0.002168454994330376,0.666328322360671
2020-10-01,TX,664331.0,1538464.0,4822.0,2207617.0,0.0021842556928043113,0.6968889983771239
2020-11-01,TX,632784.0,1771954.0,4478.0,2409216.0,0.0018586959408430504,0.7354898854757943
2020-12-01,TX,649934.0,2078128.0,4406.0,2732468.0,0.0016124617012308118,0.7605315048241909
2021-01-01,TX,643655.0,2092472.0,4383.0,2740510.0,0.0015993373495590479,0.7635337947767556
2021-02-01,TX,509937.0,1689845.0,4547.0,2204329.0,0.0020627592341223677,0.7666028981714345
2021-03-01,TX,629266.0,2280855.0,5083.0,2915204.0,0.0017436172562282565,0.7823997908625812
2021-04-01,TX,600404.0,2228128.0,4947.0,2833479.0,0.0017459102396119432,0.7863576895827936
2021-05-01,TX,608811.0,2168724.0,5052.0,2782587.0,0.0018155766557589907,0.7793912642882544
2021-06-01,TX,588404.0,2066394.0,4709.0,2659507.0,0.0017706289172477972,0.7769838544972063
2021-07-01,TX,601163.0,2080505.0,4823.0,2686491.0,0.0017952786738613575,0.7744321495670586
2021-08-01,TX,592282.0,2469931.0,4915.0,3067128.0,0.001602476323074796,0.8052911387850363
2021-09-01,TX,567913.0,3056263.0,4691.0,3628867.0,0.0012926899773044124,0.8422086011738041
2021-10-01,TX,583634.0,3191561.0,5033.0,3780228.0,0.0013314011747087371,0.8442773821884745
2021-11-01,TX,559140.0,3531767.0,4425.0,4095332.0,0.001080498479706151,0.8623884461415487
2021-12-01,TX,574182.0,3959675.0,4043.0,4537900.0,0.0008909407434960898,0.8725787258231213
2022-01-01,TX,560981.0,3754829.0,3202.0,4319012.0,0.0007413732584965873,0.86937220825343
2022-02-01,TX,497214.0,3178493.0,3301.0,3679008.0,0.0008972527376701206,0.8639538157877353
2022-03-01,TX,552032.0,3250477.0,4490.0,3806999.0,0.0011794066664798334,0.8538160897637794
2022-04-01,TX,524533.0,3141476.0,4166.0,3670175.0,0.0011350957379107239,0.8559471959550717
2022-05-01,TX,521600.0,3017914.0,4447.0,3543961.0,0.0012548106482759035,0.8515652401126433
2022-06-01,TX,525620.0,2669305.0,2429.0,3197354.0,0.0007596906691983531,0.8348481275193536
2022-07-01,TX,534977.0,2603587.0,4277.0,3142841.0,0.0013608706262467345,0.8284183004858211
2022-08-01,TX,528312.0,2559549.0,4429.0,3092290.0,0.0014322718761360588,0.8277195864285782
2022-09-01,TX,516826.0,2991954.0,4398.0,3513178.0,0.0012518580043125666,0.8516374632639839
2022-10-01,TX,558165.0,3383114.0,4700.0,3945979.0,0.0011910859129967218,0.8573573249919131
2022-11-01,TX,517935.0,3738346.0,4233.0,4260514.0,0.0009935420937240544,0.8774401398310758
2022-12-01,TX,555197.0,3720001.0,4154.0,4279352.0,0.0009707077146032693,0.8692907243697343
2023-01-01,TX,539054.0,3627709.0,4039.0,4170802.0,0.0009683988834529091,0.8697869138628546
2023-02-01,TX,464847.0,3056928.0,3855.0,3525630.0,0.0010934216012147213,0.8670586533224685
2023-03-01,TX,557380.0,3242537.0,4624.0,3804541.0,0.0012153897145223199,0.8522807350255319
2023-04-01,TX,519094.0,2920085.0,4345.0,3443524.0,0.0012617887953950144,0.8479932185502993
2023-05-01,TX,525899.0,2827446.0,4826.0,3358171.0,0.0014370917978436151,0.8419601026617776
2023-06-01,TX,511361.0,2588662.0,4816.0,3104839.0,0.0015511271276368557,0.8337507999341109
2023-07-01,TX,478650.0,2554398.0,5401.0,3038449.0,0.001777551638952059,0.8406914185217297
2023-08-01,TX,465659.0,2361430.0,5008.0,2832097.0,0.0017683010150510983,0.833809717646189
2023-09-01,TX,435938.0,2119715.0,4834.0,2560487.0,0.001887922102245084,0.8278561851386922
2023-10-01,TX,451424.0,2599188.0,4668.0,3055280.0,0.0015278468748681677,0.850720064908921
2023-11-01,TX,432279.0,2301935.0,4557.0,2738771.0,0.0016638850052938386,0.8404992604040098
2023-12-01,TX,438529.0,2129261.0,4363.0,2572153.0,0.0016962443524278594,0.8278127311700427
2024-01-01,TX,426259.0,2248278.0,3969.0,2678506.0,0.00148179619528641,0.8393776231660718
2024-02-01,TX,397574.0,2983527.0,3461.0,3384562.0,0.0010225843107314156,0.8815105174352986
2024-03-01,TX,420086.0,3201408.0,3271.0,3624765.0,0.0009024033281908648,0.8832042904606725
2024-04-01,TX,400607.0,2806741.0,2907.0,3210255.0,0.0009055355415409201,0.8743046891641224
2024-05-01,TX,408264.0,2832676.0,1757.0,3242697.0,0.0005418329248603298,0.8735555619019121
2024-06-01,TX,400164.0,2832046.0,1689.0,3233899.0,0.0005222797619677585,0.875737306549285
2024-07-01,TX,402271.0,2804090.0,1004.0,3207365.0,0.00031302954293281154,0.8742659472534537
2024-08-01,TX,410474.0,2870635.0,1409.0,3282518.0,0.00042924364769883234,0.874522241740197
2024-09-01,TX,409626.0,2612452.0,795.0,3022873.0,0.00026299483966865314,0.8642281696629588
2024-10-01,TX,269826.0,2600749.0,592.0,2871167.0,0.00020618793681432716,0.9058159974356833
2024-11-01,TX,256972.0,3114179.0,390.0,3371541.0,0.00011567410866082679,0.9236663590647818
2024-12-01,TX,269322.0,4127396.0,423.0,4397141.0,9.619887103697156e-05,0.938654457500029
2025-01-01,TX,269209.0,4189113.0,487.0,4458809.0,0.00010922199178952895,0.9395138925901623
2025-02-01,TX,235289.0,3653998.0,630.0,3889917.0,0.0001619571831439602,0.9393511480851815
2025-03-01,TX,256445.0,4235640.0,3188.0,4495273.0,0.0007091894085029054,0.9422431073498263
2025-04-01,TX,242885.0,3853528.0,3721.0,4100134.0,0.0009075313148080641,0.9398541608410883
2025-05-01,TX,252356.0,3878757.0,3986.0,4135099.0,0.0009639430639758821,0.9380082556442298
2015-01-01,UT,18534319.0,4743604.0,76156.0,23354079.0,0.0032609292791924657,0.2031167232062411
2015-02-01,UT,17270359.0,4437633.0,34881.0,21742873.0,0.0016042498155528744,0.20409598124312228
2015-03-01,UT,19737199.0,5398941.0,22702.0,25158842.0,0.000902346777324241,0.21459417726692429
2015-04-01,UT,18726600.0,5451097.0,20449.0,24198146.0,0.0008450647417333333,0.22526920037499867
2015-05-01,UT,18792334.0,5642202.0,29310.0,24463846.0,0.001198094526914541,0.23063430010052124
2015-06-01,UT,18182798.0,5180376.0,22562.0,23385736.0,0.0009647761353289681,0.22151862143564127
2015-07-01,UT,17698995.0,5111175.0,23732.0,22833902.0,0.0010393317795572593,0.22384150549378795
2015-08-01,UT,15671816.0,4845831.0,17745.0,20535392.0,0.0008641179092132056,0.2359746042333354
2015-09-01,UT,14526543.0,4541691.0,19497.0,19087731.0,0.001021441469386689,0.2379377098292199
2015-10-01,UT,14808239.0,4570409.0,19133.0,19397781.0,0.000986349933525972,0.23561504277094572
2015-11-01,UT,14786766.0,4239456.0,17621.0,19043843.0,0.0009252859309913167,0.22261557186633696
2015-12-01,UT,17220634.0,4202839.0,23212.0,21446685.0,0.001082311788506791,0.1959668358993664
2016-01-01,UT,17215574.0,4099440.0,22560.0,21337574.0,0.0010572898306009048,0.1921230595371708
2016-02-01,UT,15618213.0,3748605.0,29049.0,19395867.0,0.0014976902037867256,0.19326823595875722
2016-03-01,UT,16943645.0,4038548.0,24932.0,21007125.0,0.0011868354189295924,0.19224658300366065
2016-04-01,UT,16099992.0,3801321.0,17252.0,19918565.0,0.0008661266511876426,0.19084311545439722
2016-05-01,UT,16025324.0,3925317.0,14056.0,19964697.0,0.000704042741040828,0.19661290126167896
2016-06-01,UT,14959466.0,3711042.0,15984.0,18686492.0,0.000855377242551168,0.19859489945893216
2016-07-01,UT,15233421.0,3740674.0,19867.0,18993962.0,0.0010459639752830611,0.19694016445754212
2016-08-01,UT,14988861.0,3739945.0,21364.0,18750170.0,0.0011394030027400315,0.19946192487748396
2016-09-01,UT,14189051.0,3519177.0,13774.0,17722002.0,0.000777225959004083,0.19857671836286567
2016-10-01,UT,14368552.0,3552219.0,14779.0,17935550.0,0.0008240059546497096,0.19805464566072378
2016-11-01,UT,13651841.0,3346878.0,21194.0,17019913.0,0.001245247258307106,0.19664483596245969
2016-12-01,UT,13914398.0,3322874.0,17270.0,17254542.0,0.001000895880047115,0.19257966974613072
2017-01-01,UT,13634588.0,3149840.0,16338.0,16800766.0,0.0009724556606468272,0.18748192790621876
2017-02-01,UT,12294510.0,2880536.0,21212.0,15196258.0,0.0013958699569236329,0.18955561296610288
2017-03-01,UT,13480266.0,3197195.0,23736.0,16701197.0,0.0014212154972998569,0.19143508096939738
2017-04-01,UT,13018211.0,3132597.0,31323.0,16182131.0,0.0019356535922126965,0.19358371279905234
2017-05-01,UT,13113259.0,3416678.0,59249.0,16589186.0,0.0035715435344231385,0.20595814646839236
2017-06-01,UT,12544585.0,3168977.0,33933.0,15747495.0,0.0021548189092795086,0.20123689513664722
2017-07-01,UT,12731251.0,4594427.0,22969.0,17348647.0,0.0013239649178329355,0.2648291247135017
2017-08-01,UT,12573348.0,3192532.0,23757.0,15789637.0,0.0015045944374686728,0.20219160199691613
2017-09-01,UT,12025352.0,3134484.0,24011.0,15183847.0,0.0015813515507527088,0.20643543101951412
2017-10-01,UT,11866990.0,3524639.0,27553.0,15419182.0,0.0017869300718949491,0.22858793676455347
2017-11-01,UT,11264424.0,3336322.0,31266.0,14632012.0,0.0021368216483000644,0.22801525859719077
2017-12-01,UT,11459732.0,3321886.0,33460.0,14815078.0,0.0022585098775567804,0.224223321671177
2018-01-01,UT,11605888.0,3242516.0,37382.0,14885786.0,0.002511254696241695,0.2178263210272012
2018-02-01,UT,10493874.0,2965841.0,29782.0,13489497.0,0.00220779173602835,0.21986297932221
2018-03-01,UT,11777429.0,3264146.0,65711.0,15107286.0,0.004349623089121702,0.21606435464175322
2018-04-01,UT,11168577.0,3266855.0,32173.0,14467605.0,0.002223795852857306,0.2258048239482222
2018-05-01,UT,11539229.0,3309578.0,26119.0,14874926.0,0.0017559078949249502,0.22249374551360798
2018-06-01,UT,11142062.0,3239957.0,35495.0,14417514.0,0.002461936225604068,0.2247236936948719
2018-07-01,UT,11344095.0,3280287.0,33713.0,14658095.0,0.0022999578048695964,0.2237867198962499
2018-08-01,UT,11234474.0,3275096.0,49666.0,14559236.0,0.003411305373417868,0.2249497157665076
2018-09-01,UT,10756752.0,3090006.0,49404.0,13896162.0,0.003555226255972295,0.22236398798299586
2018-10-01,UT,10902351.0,3045179.0,33179.0,13980709.0,0.002373198669664227,0.21781291635339944
2018-11-01,UT,10350721.0,3101733.0,41044.0,13493498.0,0.003041761298641451,0.22986871158071934
2018-12-01,UT,9197815.0,4289863.0,11772.0,13499450.0,0.0008720355273668777,0.3177805762433449
2019-01-01,UT,9024531.0,4226403.0,28020.0,13278954.0,0.002110105961643439,0.3182783071594474
2019-02-01,UT,8109263.0,3798577.0,18426.0,11926266.0,0.0015449932107707057,0.31850513815205445
2019-03-01,UT,8959716.0,4270564.0,74309.0,13304589.0,0.00558521574769739,0.32098428594584183
2019-04-01,UT,8695537.0,4281056.0,15921.0,12992514.0,0.0012253979483783863,0.3295017423084593
2019-05-01,UT,8839535.0,4681639.0,43729.0,13564903.0,0.0032236868925400817,0.3451288225183392
2019-06-01,UT,8538649.0,4443876.0,65094.0,13047619.0,0.004988956222549195,0.3405890377367657
2019-07-01,UT,9375915.0,3792743.0,42741.0,13211399.0,0.0032351607880192314,0.28708110321785696
2019-08-01,UT,9319333.0,3953433.0,55914.0,13328680.0,0.004195014059875434,0.2966109922340651
2019-09-01,UT,8467746.0,4178306.0,29612.0,12675664.0,0.002336130083581135,0.32963212025555716
2019-10-01,UT,8687583.0,4198984.0,19435.0,12906002.0,0.001505888500547994,0.3253512590473382
2019-11-01,UT,8301770.0,4152722.0,11838.0,12466330.0,0.0009495978367254068,0.3331150386654844
2019-12-01,UT,8373802.0,4430637.0,10731.0,12815170.0,0.0008373669643021718,0.3457337670873993
2020-01-01,UT,8323181.0,4026373.0,15475.0,12365029.0,0.0012515134416486082,0.3256258436569326
2020-02-01,UT,7735291.0,3717644.0,16343.0,11469278.0,0.0014249371233182688,0.32413932245496063
2020-03-01,UT,8280956.0,3946405.0,20554.0,12247915.0,0.0016781631812298,0.32221035171845813
2020-04-01,UT,7721380.0,3761069.0,12906.0,11495355.0,0.0011227143485249241,0.3271816311864472
2020-05-01,UT,7717747.0,3840167.0,14573.0,11572487.0,0.0012592798764754778,0.3318359312018943
2020-06-01,UT,7088240.0,3702228.0,10386.0,10800854.0,0.0009615906297690758,0.3427717845242351
2020-07-01,UT,7442141.0,3832618.0,12656.0,11287415.0,0.0011212487535797945,0.3395478947098202
2020-08-01,UT,7231804.0,3795660.0,33232.0,11060696.0,0.0030045125550597854,0.3431664698103703
2020-09-01,UT,7069409.0,3640311.0,22760.0,10732480.0,0.0021206654938828616,0.3391863763050182
2020-10-01,UT,7307537.0,3812836.0,7656.0,11128029.0,0.0006879924558006814,0.3426335427384074
2020-11-01,UT,6920769.0,3662119.0,5630.0,10588518.0,0.0005317080256129167,0.34585756004432483
2020-12-01,UT,7048451.0,3694327.0,5712.0,10748490.0,0.0005314234836657854,0.3437066043663463
2021-01-01,UT,6711047.0,3736415.0,7207.0,10454669.0,0.0006893570709824543,0.3573919939468443
2021-02-01,UT,6248881.0,3376934.0,9683.0,9635498.0,0.0010049298956732186,0.3504680297754152
2021-03-01,UT,6976985.0,3851983.0,10900.0,10839868.0,0.0010055473000131962,0.35535331241713136
2021-04-01,UT,6736132.0,3849916.0,8674.0,10594722.0,0.0008187095423474187,0.3633805587313817
2021-05-01,UT,6945152.0,3840545.0,8265.0,10793962.0,0.0007657058640676547,0.3558049398325119
2021-06-01,UT,6717298.0,3517419.0,8537.0,10243254.0,0.0008334265654172646,0.34338882936668963
2021-07-01,UT,6966349.0,3585301.0,14584.0,10566234.0,0.001380245790492807,0.33931682754385983
2021-08-01,UT,6936121.0,3948730.0,8529.0,10893380.0,0.0007829525822032927,0.3624889611822732
2021-09-01,UT,6649993.0,4061839.0,6566.0,10718398.0,0.0006125915458577617,0.3789595236118405
2021-10-01,UT,6782729.0,4458652.0,9608.0,11250989.0,0.0008539693710405906,0.3962897839434712
2021-11-01,UT,6404270.0,4239728.0,10541.0,10654539.0,0.0009893436027500642,0.3979269304810098
2021-12-01,UT,6471722.0,4605383.0,7713.0,11084818.0,0.0006958165664001356,0.4154676242729879
2022-01-01,UT,6562882.0,4655911.0,33081.0,11251874.0,0.0029400435873798442,0.4137898273619684
2022-02-01,UT,5881227.0,4212869.0,32843.0,10126939.0,0.003243132006589127,0.41600615940891905
2022-03-01,UT,6480296.0,5076424.0,21158.0,11577878.0,0.0018274505915347576,0.43845893003503356
2022-04-01,UT,6621780.0,5033212.0,17452.0,11672444.0,0.001495145318311271,0.4312046388876982
2022-05-01,UT,6804897.0,5771753.0,23289.0,12599939.0,0.0018483422816424084,0.4580778525954921
2022-06-01,UT,6804619.0,5719927.0,12072.0,12536618.0,0.0009629391275943565,0.45625758078888373
2022-07-01,UT,6969398.0,6032643.0,18723.0,13020764.0,0.0014379340567002219,0.4633094494265981
2022-08-01,UT,7052024.0,6058523.0,18386.0,13128933.0,0.001400418449835943,0.4614634715520183
2022-09-01,UT,6180764.0,5920305.0,10123.0,12111192.0,0.0008358384542096613,0.48882925809046024
2022-10-01,UT,6279434.0,5341938.0,13208.0,11634580.0,0.0011352365104616133,0.45914317491083356
2022-11-01,UT,6085996.0,5683976.0,10841.0,11780813.0,0.0009202251151858516,0.4824773977782138
2022-12-01,UT,6018306.0,6393361.0,12872.0,12424539.0,0.0010360142939626492,0.5145753093896315
2023-01-01,UT,5706475.0,6906417.0,19439.0,12632331.0,0.0015388292152767463,0.5467254618284881
2023-02-01,UT,5021284.0,6006284.0,14173.0,11041741.0,0.0012835838116354696,0.5439616814002071
2023-03-01,UT,6141656.0,6166281.0,25144.0,12333081.0,0.002038744414294865,0.4999789590249186
2023-04-01,UT,6130088.0,5960880.0,17507.0,12108475.0,0.0014458468138931959,0.49228990438108605
2023-05-01,UT,6413604.0,6373398.0,22762.0,12809764.0,0.0017769257887828619,0.4975421873463278
2023-06-01,UT,6226603.0,6857396.0,151227.0,13235226.0,0.011426098806235525,0.5181170310161828
2023-07-01,UT,6447977.0,7311708.0,18611.0,13778296.0,0.001350747581548903,0.5306685238832823
2023-08-01,UT,6397482.0,7690246.0,26596.0,14114324.0,0.0018843268724603153,0.5448540078820292
2023-09-01,UT,6203928.0,7372790.0,35424.0,13612142.0,0.0026023824905543713,0.5416333446966566
2023-10-01,UT,6765522.0,7639057.0,18896.0,14423475.0,0.0013100865082699552,0.5296266676336345
2023-11-01,UT,6470453.0,8607054.0,29338.0,15106845.0,0.0019420335615944822,0.5697453041944248
2023-12-01,UT,6702123.0,8857361.0,12406.0,15571890.0,0.0007966919879295532,0.5688044932209976
2024-01-01,UT,6539578.0,9002975.0,10341.0,15552894.0,0.0006648923345027306,0.5788617218083087
2024-02-01,UT,5936683.0,8471282.0,12794.0,14420759.0,0.000887193246895762,0.587436625211007
2024-03-01,UT,6229465.0,8767483.0,12778.0,15009726.0,0.000851314674226223,0.5841201231749059
2024-04-01,UT,5977455.0,7935511.0,8559.0,13921525.0,0.0006148033351187115,0.5700173651911696
2024-05-01,UT,6155475.0,6396615.0,12220.0,12564310.0,0.0009725961871286796,0.5091099312217773
2024-06-01,UT,5836215.0,6027741.0,26144.0,11890100.0,0.002198804047045872,0.5069546092925463
2024-07-01,UT,6007625.0,5847384.0,34625.0,11889634.0,0.0029122006614929257,0.4918052145213906
2024-08-01,UT,5935867.0,6076034.0,19258.0,12031159.0,0.001600677041990712,0.5050248276121608
2024-09-01,UT,5786509.0,5878504.0,12077.0,11677090.0,0.0010342474023833485,0.503421999826126
2024-10-01,UT,6037832.0,5951095.0,13168.0,12002095.0,0.0010971417906532389,0.4958380182751775
2024-11-01,UT,5796869.0,5529995.0,13840.0,11340704.0,0.0012203827910399533,0.48762360784226777
2024-12-01,UT,6121857.0,5472676.0,16477.0,11611010.0,0.0014190841278974087,0.4713350518131383
2025-01-01,UT,6126502.0,5525876.0,20870.0,11673248.0,0.0017878485919104277,0.47337947415772047
2025-02-01,UT,5612508.0,5105660.0,12125.0,10730293.0,0.001129978463764876,0.47581738913862076
2025-03-01,UT,6339754.0,5299107.0,11248.0,11650109.0,0.0009654845289347465,0.45485471423095825
2025-04-01,UT,5850351.0,3359233.0,7714.0,9217298.0,0.0008369046980922511,0.36444877880302395
2025-05-01,UT,6138561.0,3248959.0,8711.0,9396231.0,0.0009270738448115306,0.3457725762558863
2015-01-01,VA,0.0,12865.0,0.0,12865.0,0.0,0.9999999922269726
2015-02-01,VA,0.0,10679.0,0.0,10679.0,0.0,0.9999999906358275
2015-03-01,VA,0.0,12305.0,0.0,12305.0,0.0,0.9999999918732224
2015-04-01,VA,0.0,12682.0,0.0,12682.0,0.0,0.9999999921148085
2015-05-01,VA,0.0,12741.0,0.0,12741.0,0.0,0.9999999921513226
2015-06-01,VA,0.0,12125.0,0.0,12125.0,0.0,0.9999999917525775
2015-07-01,VA,0.0,12906.0,0.0,12906.0,0.0,0.999999992251666
2015-08-01,VA,0.0,12870.0,0.0,12870.0,0.0,0.9999999922299924
2015-09-01,VA,0.0,12412.0,0.0,12412.0,0.0,0.9999999919432808
2015-10-01,VA,0.0,12580.0,0.0,12580.0,0.0,0.9999999920508745
2015-11-01,VA,0.0,12046.0,0.0,12046.0,0.0,0.9999999916984893
2015-12-01,VA,0.0,13563.0,0.0,13563.0,0.0,0.999999992627
2016-01-01,VA,0.0,14621.0,0.0,14621.0,0.0,0.9999999931605227
2016-02-01,VA,0.0,12398.0,0.0,12398.0,0.0,0.9999999919341831
2016-03-01,VA,0.0,13772.0,0.0,13772.0,0.0,0.9999999927388906
2016-04-01,VA,0.0,13219.0,0.0,13219.0,0.0,0.9999999924351314
2016-05-01,VA,0.0,13433.0,0.0,13433.0,0.0,0.9999999925556466
2016-06-01,VA,0.0,13324.0,0.0,13324.0,0.0,0.9999999924947465
2016-07-01,VA,0.0,13751.0,0.0,13751.0,0.0,0.9999999927278017
2016-08-01,VA,0.0,13614.0,0.0,13614.0,0.0,0.9999999926546204
2016-09-01,VA,0.0,13318.0,0.0,13318.0,0.0,0.9999999924913652
2016-10-01,VA,0.0,13489.0,0.0,13489.0,0.0,0.9999999925865521
2016-11-01,VA,0.0,13033.0,0.0,13033.0,0.0,0.9999999923271696
2016-12-01,VA,0.0,12989.0,0.0,12989.0,0.0,0.9999999923011781
2017-01-01,VA,0.0,12864.0,0.0,12864.0,0.0,0.9999999922263683
2017-02-01,VA,0.0,11347.0,0.0,11347.0,0.0,0.999999991187098
2017-03-01,VA,0.0,12680.0,0.0,12680.0,0.0,0.9999999921135648
2017-04-01,VA,0.0,12445.0,0.0,12445.0,0.0,0.9999999919646445
2017-05-01,VA,0.0,12812.0,0.0,12812.0,0.0,0.9999999921948175
2017-06-01,VA,0.0,12162.0,0.0,12162.0,0.0,0.9999999917776683
2017-07-01,VA,0.0,12673.0,0.0,12673.0,0.0,0.9999999921092086
2017-08-01,VA,0.0,12783.0,0.0,12783.0,0.0,0.9999999921771103
2017-09-01,VA,0.0,12393.0,0.0,12393.0,0.0,0.9999999919309289
2017-10-01,VA,0.0,12391.0,0.0,12391.0,0.0,0.9999999919296265
2017-11-01,VA,0.0,12082.0,0.0,12082.0,0.0,0.9999999917232247
2017-12-01,VA,0.0,12231.0,0.0,12231.0,0.0,0.9999999918240537
2018-01-01,VA,0.0,11920.0,0.0,11920.0,0.0,0.9999999916107384
2018-02-01,VA,0.0,10704.0,0.0,10704.0,0.0,0.9999999906576982
2018-03-01,VA,0.0,12215.0,0.0,12215.0,0.0,0.9999999918133444
2018-04-01,VA,0.0,11459.0,0.0,11459.0,0.0,0.9999999912732351
2018-05-01,VA,0.0,11800.0,0.0,11800.0,0.0,0.9999999915254238
2018-06-01,VA,0.0,11644.0,0.0,11644.0,0.0,0.9999999914118861
2018-07-01,VA,0.0,11954.0,0.0,11954.0,0.0,0.9999999916345994
2018-08-01,VA,0.0,12032.0,0.0,12032.0,0.0,0.9999999916888299
2018-09-01,VA,0.0,11369.0,0.0,11369.0,0.0,0.9999999912041517
2018-10-01,VA,0.0,11543.0,0.0,11543.0,0.0,0.999999991336741
2018-11-01,VA,0.0,11138.0,0.0,11138.0,0.0,0.9999999910217275
2018-12-01,VA,0.0,11612.0,0.0,11612.0,0.0,0.9999999913882193
2019-01-01,VA,0.0,11412.0,0.0,11412.0,0.0,0.9999999912372942
2019-02-01,VA,0.0,10452.0,0.0,10452.0,0.0,0.9999999904324532
2019-03-01,VA,0.0,11534.0,0.0,11534.0,0.0,0.9999999913299811
2019-04-01,VA,0.0,11261.0,0.0,11261.0,0.0,0.9999999911197941
2019-05-01,VA,0.0,11666.0,0.0,11666.0,0.0,0.9999999914280817
2019-06-01,VA,0.0,11015.0,0.0,11015.0,0.0,0.9999999909214708
2019-07-01,VA,0.0,11541.0,0.0,11541.0,0.0,0.9999999913352398
2019-08-01,VA,0.0,11485.0,0.0,11485.0,0.0,0.999999991292991
2019-09-01,VA,0.0,11340.0,0.0,11340.0,0.0,0.9999999911816579
2019-10-01,VA,0.0,11569.0,0.0,11569.0,0.0,0.9999999913562106
2019-11-01,VA,0.0,11119.0,0.0,11119.0,0.0,0.9999999910063856
2019-12-01,VA,0.0,11349.0,0.0,11349.0,0.0,0.9999999911886511
2020-01-01,VA,0.0,11098.0,0.0,11098.0,0.0,0.9999999909893676
2020-02-01,VA,0.0,10368.0,0.0,10368.0,0.0,0.9999999903549385
2020-03-01,VA,0.0,11302.0,0.0,11302.0,0.0,0.9999999911520087
2020-04-01,VA,0.0,10905.0,0.0,10905.0,0.0,0.9999999908298947
2020-05-01,VA,0.0,10731.0,0.0,10731.0,0.0,0.9999999906812042
2020-06-01,VA,0.0,11113.0,0.0,11113.0,0.0,0.9999999910015299
2020-07-01,VA,0.0,11395.0,0.0,11395.0,0.0,0.9999999912242213
2020-08-01,VA,0.0,11373.0,0.0,11373.0,0.0,0.9999999912072454
2020-09-01,VA,0.0,10823.0,0.0,10823.0,0.0,0.9999999907604178
2020-10-01,VA,0.0,10751.0,0.0,10751.0,0.0,0.9999999906985398
2020-11-01,VA,0.0,10669.0,0.0,10669.0,0.0,0.9999999906270505
2020-12-01,VA,0.0,11085.0,0.0,11085.0,0.0,0.9999999909788003
2021-01-01,VA,0.0,11046.0,0.0,11046.0,0.0,0.9999999909469492
2021-02-01,VA,0.0,9753.0,0.0,9753.0,0.0,0.9999999897467448
2021-03-01,VA,0.0,10842.0,0.0,10842.0,0.0,0.9999999907766096
2021-04-01,VA,0.0,10530.0,0.0,10530.0,0.0,0.999999990503324
2021-05-01,VA,0.0,10911.0,0.0,10911.0,0.0,0.9999999908349374
2021-06-01,VA,0.0,10646.0,0.0,10646.0,0.0,0.9999999906068008
2021-07-01,VA,0.0,10919.0,0.0,10919.0,0.0,0.9999999908416524
2021-08-01,VA,0.0,10848.0,0.0,10848.0,0.0,0.9999999907817111
2021-09-01,VA,0.0,10521.0,0.0,10521.0,0.0,0.9999999904952003
2021-10-01,VA,0.0,10938.0,0.0,10938.0,0.0,0.999999990857561
2021-11-01,VA,0.0,10472.0,0.0,10472.0,0.0,0.9999999904507259
2021-12-01,VA,0.0,10738.0,0.0,10738.0,0.0,0.999999990687279
2022-01-01,VA,0.0,10502.0,0.0,10502.0,0.0,0.9999999904780044
2022-02-01,VA,0.0,9358.0,0.0,9358.0,0.0,0.9999999893139562
2022-03-01,VA,0.0,10108.0,0.0,10108.0,0.0,0.9999999901068463
2022-04-01,VA,0.0,9600.0,0.0,9600.0,0.0,0.9999999895833335
2022-05-01,VA,0.0,10237.0,0.0,10237.0,0.0,0.9999999902315133
2022-06-01,VA,0.0,10060.0,0.0,10060.0,0.0,0.9999999900596424
2022-07-01,VA,0.0,10568.0,0.0,10568.0,0.0,0.9999999905374718
2022-08-01,VA,0.0,10332.0,0.0,10332.0,0.0,0.9999999903213319
2022-09-01,VA,0.0,9929.0,0.0,9929.0,0.0,0.9999999899284925
2022-10-01,VA,0.0,10396.0,0.0,10396.0,0.0,0.9999999903809159
2022-11-01,VA,0.0,9841.0,0.0,9841.0,0.0,0.9999999898384312
2022-12-01,VA,0.0,9538.0,0.0,9538.0,0.0,0.9999999895156219
2023-01-01,VA,0.0,10051.0,0.0,10051.0,0.0,0.9999999900507414
2023-02-01,VA,0.0,8944.0,0.0,8944.0,0.0,0.9999999888193204
2023-03-01,VA,0.0,10166.0,0.0,10166.0,0.0,0.9999999901632896
2023-04-01,VA,0.0,9710.0,0.0,9710.0,0.0,0.999999989701339
2023-05-01,VA,0.0,10193.0,0.0,10193.0,0.0,0.9999999901893458
2023-06-01,VA,0.0,9854.0,0.0,9854.0,0.0,0.999999989851837
2023-07-01,VA,0.0,9735.0,0.0,9735.0,0.0,0.9999999897277865
2023-08-01,VA,0.0,9963.0,0.0,9963.0,0.0,0.9999999899628628
2023-09-01,VA,0.0,9976.0,0.0,9976.0,0.0,0.9999999899759424
2023-10-01,VA,0.0,10063.0,0.0,10063.0,0.0,0.9999999900626058
2023-11-01,VA,0.0,9545.0,0.0,9545.0,0.0,0.9999999895233108
2023-12-01,VA,0.0,9854.0,0.0,9854.0,0.0,0.999999989851837
2024-01-01,VA,0.0,9532.0,0.0,9532.0,0.0,0.9999999895090225
2024-02-01,VA,184.0,9253.0,0.0,9437.0,0.0,0.9805022678764198
2024-03-01,VA,396.0,9383.0,0.0,9779.0,0.0,0.9595050520553733
2024-04-01,VA,214.0,8890.0,0.0,9104.0,0.0,0.9764938381316582
2024-05-01,VA,201.0,8357.0,0.0,8558.0,0.0,0.9765131926091004
2024-06-01,VA,208.0,8351.0,0.0,8559.0,0.0,0.9756980841722388
2024-07-01,VA,214.0,8618.0,0.0,8832.0,0.0,0.9757699164881124
2024-08-01,VA,149.0,8739.0,0.0,8888.0,0.0,0.9832358125198492
2024-09-01,VA,136.0,8264.0,0.0,8400.0,0.0,0.9838095120975059
2024-10-01,VA,177.0,8443.0,0.0,8620.0,0.0,0.9794663459458661
2024-11-01,VA,178.0,8050.0,0.0,8228.0,0.0,0.9783665413421666
2024-12-01,VA,207.0,8217.0,0.0,8424.0,0.0,0.9754273388482035
2025-01-01,VA,188.0,6347.0,0.0,6535.0,0.0,0.9712318137531474
2025-02-01,VA,111.0,5619.0,0.0,5730.0,0.0,0.9806282551373777
2025-03-01,VA,128.0,6271.0,0.0,6399.0,0.0,0.9799968591967986
2025-04-01,VA,126.0,7062.0,0.0,7188.0,0.0,0.9824707709728607
2025-05-01,VA,116.0,8731.0,0.0,8847.0,0.0,0.9868881995378298
2015-01-01,WV,0.0,13075.0,0.0,13075.0,0.0,0.9999999923518166
2015-02-01,WV,0.0,11249.0,0.0,11249.0,0.0,0.999999991110321
2015-03-01,WV,0.0,13230.0,0.0,13230.0,0.0,0.9999999924414211
2015-04-01,WV,0.0,13438.0,0.0,13438.0,0.0,0.9999999925584165
2015-05-01,WV,0.0,13490.0,0.0,13490.0,0.0,0.9999999925871017
2015-06-01,WV,0.0,12977.0,0.0,12977.0,0.0,0.9999999922940588
2015-07-01,WV,0.0,13859.0,0.0,13859.0,0.0,0.9999999927844723
2015-08-01,WV,0.0,12750.0,0.0,12750.0,0.0,0.9999999921568629
2015-09-01,WV,0.0,12010.0,0.0,12010.0,0.0,0.9999999916736054
2015-10-01,WV,0.0,12105.0,0.0,12105.0,0.0,0.9999999917389509
2015-11-01,WV,0.0,11758.0,0.0,11758.0,0.0,0.9999999914951524
2015-12-01,WV,0.0,13772.0,0.0,13772.0,0.0,0.9999999927388906
2016-01-01,WV,0.0,12503.0,0.0,12503.0,0.0,0.9999999920019197
2016-02-01,WV,0.0,10406.0,0.0,10406.0,0.0,0.9999999903901596
2016-03-01,WV,0.0,11780.0,0.0,11780.0,0.0,0.9999999915110358
2016-04-01,WV,0.0,11218.0,0.0,11218.0,0.0,0.9999999910857552
2016-05-01,WV,0.0,11603.0,0.0,11603.0,0.0,0.9999999913815394
2016-06-01,WV,0.0,11340.0,0.0,11340.0,0.0,0.9999999911816579
2016-07-01,WV,0.0,11964.0,0.0,11964.0,0.0,0.9999999916415916
2016-08-01,WV,0.0,10731.0,0.0,10731.0,0.0,0.9999999906812042
2016-09-01,WV,0.0,8669.0,0.0,8669.0,0.0,0.9999999884646443
2016-10-01,WV,0.0,12632.0,0.0,12632.0,0.0,0.9999999920835974
2016-11-01,WV,0.0,11882.0,0.0,11882.0,0.0,0.9999999915839085
2016-12-01,WV,0.0,12070.0,0.0,12070.0,0.0,0.999999991714996
2017-01-01,WV,0.0,10072.0,0.0,10072.0,0.0,0.9999999900714854
2017-02-01,WV,0.0,10106.0,0.0,10106.0,0.0,0.9999999901048884
2017-03-01,WV,0.0,11820.0,0.0,11820.0,0.0,0.9999999915397633
2017-04-01,WV,0.0,12177.0,0.0,12177.0,0.0,0.9999999917877967
2017-05-01,WV,0.0,12260.0,0.0,12260.0,0.0,0.9999999918433933
2017-06-01,WV,0.0,11559.0,0.0,11559.0,0.0,0.9999999913487327
2017-07-01,WV,0.0,11048.0,0.0,11048.0,0.0,0.9999999909485882
2017-08-01,WV,0.0,11647.0,0.0,11647.0,0.0,0.9999999914140982
2017-09-01,WV,0.0,11412.0,0.0,11412.0,0.0,0.9999999912372942
2017-10-01,WV,0.0,10985.0,0.0,10985.0,0.0,0.9999999908966775
2017-11-01,WV,0.0,10368.0,0.0,10368.0,0.0,0.9999999903549385
2017-12-01,WV,0.0,10845.0,0.0,10845.0,0.0,0.999999990779161
2018-01-01,WV,0.0,8432.0,0.0,8432.0,0.0,0.9999999881404177
2018-02-01,WV,0.0,10402.0,0.0,10402.0,0.0,0.9999999903864643
2018-03-01,WV,0.0,9406.0,0.0,9406.0,0.0,0.9999999893684884
2018-04-01,WV,0.0,10377.0,0.0,10377.0,0.0,0.9999999903633037
2018-05-01,WV,0.0,10321.0,0.0,10321.0,0.0,0.9999999903110165
2018-06-01,WV,0.0,10731.0,0.0,10731.0,0.0,0.9999999906812042
2018-07-01,WV,0.0,9686.0,0.0,9686.0,0.0,0.9999999896758209
2018-08-01,WV,0.0,10422.0,0.0,10422.0,0.0,0.9999999904049128
2018-09-01,WV,0.0,8189.0,0.0,8189.0,0.0,0.9999999877884969
2018-10-01,WV,0.0,8374.0,0.0,8374.0,0.0,0.9999999880582758
2018-11-01,WV,0.0,6741.0,0.0,6741.0,0.0,0.9999999851654059
2018-12-01,WV,0.0,10696.0,0.0,10696.0,0.0,0.9999999906507107
2019-01-01,WV,0.0,5950.0,0.0,5950.0,0.0,0.9999999831932775
2019-02-01,WV,0.0,5352.0,0.0,5352.0,0.0,0.9999999813153965
2019-03-01,WV,0.0,7244.0,0.0,7244.0,0.0,0.9999999861954723
2019-04-01,WV,0.0,6608.0,0.0,6608.0,0.0,0.9999999848668283
2019-05-01,WV,0.0,7986.0,0.0,7986.0,0.0,0.9999999874780868
2019-06-01,WV,0.0,6752.0,0.0,6752.0,0.0,0.9999999851895737
2019-07-01,WV,0.0,5530.0,0.0,5530.0,0.0,0.9999999819168176
2019-08-01,WV,0.0,6869.0,0.0,6869.0,0.0,0.9999999854418403
2019-09-01,WV,0.0,6226.0,0.0,6226.0,0.0,0.9999999839383233
2019-10-01,WV,0.0,6680.0,0.0,6680.0,0.0,0.9999999850299404
2019-11-01,WV,0.0,6462.0,0.0,6462.0,0.0,0.9999999845249151
2019-12-01,WV,0.0,6063.0,0.0,6063.0,0.0,0.9999999835065152
2020-01-01,WV,0.0,5952.0,0.0,5952.0,0.0,0.999999983198925
2020-02-01,WV,0.0,5712.0,0.0,5712.0,0.0,0.9999999824929975
2020-03-01,WV,0.0,6028.0,0.0,6028.0,0.0,0.99999998341075
2020-04-01,WV,0.0,5456.0,0.0,5456.0,0.0,0.9999999816715546
2020-05-01,WV,0.0,5486.0,0.0,5486.0,0.0,0.9999999817717831
2020-06-01,WV,0.0,5346.0,0.0,5346.0,0.0,0.999999981294426
2020-07-01,WV,0.0,5691.0,0.0,5691.0,0.0,0.9999999824283959
2020-08-01,WV,0.0,5483.0,0.0,5483.0,0.0,0.9999999817618095
2020-09-01,WV,0.0,5258.0,0.0,5258.0,0.0,0.9999999809813621
2020-10-01,WV,0.0,5223.0,0.0,5223.0,0.0,0.9999999808539157
2020-11-01,WV,0.0,4885.0,0.0,4885.0,0.0,0.9999999795291713
2020-12-01,WV,0.0,4481.0,0.0,4481.0,0.0,0.9999999776835532
2021-01-01,WV,0.0,4083.0,0.0,4083.0,0.0,0.9999999755082053
2021-02-01,WV,0.0,3545.0,0.0,3545.0,0.0,0.999999971791256
2021-03-01,WV,0.0,3993.0,0.0,3993.0,0.0,0.9999999749561739
2021-04-01,WV,0.0,3543.0,0.0,3543.0,0.0,0.9999999717753324
2021-05-01,WV,0.0,3793.0,0.0,3793.0,0.0,0.9999999736356453
2021-06-01,WV,0.0,3763.0,0.0,3763.0,0.0,0.9999999734254591
2021-07-01,WV,0.0,4486.0,0.0,4486.0,0.0,0.9999999777084266
2021-08-01,WV,0.0,4760.0,0.0,4760.0,0.0,0.999999978991597
2021-09-01,WV,0.0,5544.0,0.0,5544.0,0.0,0.9999999819624823
2021-10-01,WV,0.0,5178.0,0.0,5178.0,0.0,0.9999999806875245
2021-11-01,WV,0.0,4541.0,0.0,4541.0,0.0,0.9999999779784193
2021-12-01,WV,0.0,5194.0,0.0,5194.0,0.0,0.9999999807470161
2022-01-01,WV,0.0,4471.0,0.0,4471.0,0.0,0.9999999776336395
2022-02-01,WV,0.0,5465.0,0.0,5465.0,0.0,0.9999999817017386
2022-03-01,WV,0.0,4099.0,0.0,4099.0,0.0,0.9999999756038064
2022-04-01,WV,0.0,5864.0,0.0,5864.0,0.0,0.9999999829467943
2022-05-01,WV,0.0,5826.0,0.0,5826.0,0.0,0.999999982835565
2022-06-01,WV,0.0,6135.0,0.0,6135.0,0.0,0.9999999837000817
2022-07-01,WV,0.0,5484.0,0.0,5484.0,0.0,0.9999999817651353
2022-08-01,WV,0.0,5979.0,0.0,5979.0,0.0,0.9999999832747953
2022-09-01,WV,0.0,5682.0,0.0,5682.0,0.0,0.9999999824005634
2022-10-01,WV,0.0,5220.0,0.0,5220.0,0.0,0.9999999808429122
2022-11-01,WV,0.0,4979.0,0.0,4979.0,0.0,0.999999979915646
2022-12-01,WV,0.0,4588.0,0.0,4588.0,0.0,0.9999999782040109
2023-01-01,WV,0.0,4760.0,0.0,4760.0,0.0,0.999999978991597
2023-02-01,WV,0.0,3876.0,0.0,3876.0,0.0,0.999999974200207
2023-03-01,WV,0.0,4071.0,0.0,4071.0,0.0,0.9999999754360114
2023-04-01,WV,0.0,4827.0,0.0,4827.0,0.0,0.9999999792831991
2023-05-01,WV,0.0,4986.0,0.0,4986.0,0.0,0.9999999799438432
2023-06-01,WV,0.0,5068.0,0.0,5068.0,0.0,0.9999999802683508
2023-07-01,WV,0.0,5116.0,0.0,5116.0,0.0,0.9999999804534796
2023-08-01,WV,0.0,4841.0,0.0,4841.0,0.0,0.9999999793431114
2023-09-01,WV,0.0,4709.0,0.0,4709.0,0.0,0.9999999787640692
2023-10-01,WV,0.0,5057.0,0.0,5057.0,0.0,0.9999999802254305
2023-11-01,WV,0.0,3992.0,0.0,3992.0,0.0,0.9999999749499003
2023-12-01,WV,0.0,4628.0,0.0,4628.0,0.0,0.9999999783923945
2024-01-01,WV,0.0,3465.0,0.0,3465.0,0.0,0.999999971139972
2024-02-01,WV,0.0,4105.0,0.0,4105.0,0.0,0.9999999756394646
2024-03-01,WV,0.0,4337.0,0.0,4337.0,0.0,0.9999999769425876
2024-04-01,WV,0.0,4152.0,0.0,4152.0,0.0,0.9999999759152222
2024-05-01,WV,0.0,3593.0,0.0,3593.0,0.0,0.9999999721681053
2024-06-01,WV,0.0,920.0,0.0,920.0,0.0,0.9999998913043596
2024-07-01,WV,0.0,1622.0,0.0,1622.0,0.0,0.9999999383477227
2024-08-01,WV,0.0,2372.0,0.0,2372.0,0.0,0.9999999578414857
2024-09-01,WV,0.0,2950.0,0.0,2950.0,0.0,0.999999966101696
2024-10-01,WV,0.0,2449.0,0.0,2449.0,0.0,0.9999999591670086
2024-11-01,WV,0.0,1436.0,0.0,1436.0,0.0,0.9999999303621219
2024-12-01,WV,0.0,1141.0,0.0,1141.0,0.0,0.9999999123575888
2025-01-01,WV,0.0,957.0,0.0,957.0,0.0,0.999999895506803
2025-02-01,WV,0.0,714.0,0.0,714.0,0.0,0.9999998599439972
2025-03-01,WV,0.0,1074.0,0.0,1074.0,0.0,0.9999999068901391
2025-04-01,WV,0.0,2103.0,0.0,2103.0,0.0,0.9999999524488847
2025-05-01,WV,0.0,1196.0,0.0,1196.0,0.0,0.9999999163879669
2015-01-01,WY,104757811.0,24010147.0,222511.0,128990469.0,0.0017250189236836366,0.18613892317874575
2015-02-01,WY,94824094.0,21603358.0,199805.0,116627257.0,0.001713192997412506,0.1852342115872748
2015-03-01,WY,106922831.0,23925896.0,224477.0,131073204.0,0.0017126078645321643,0.18253842333770787
2015-04-01,WY,105607911.0,23189490.0,178394.0,128975795.0,0.001383158754709453,0.17979722474268928
2015-05-01,WY,106781793.0,23614514.0,153559.0,130549866.0,0.0011762478561248189,0.18088501140232432
2015-06-01,WY,104292313.0,22969230.0,135847.0,127397390.0,0.0010663248281608702,0.1802959228598166
2015-07-01,WY,106338524.0,23467097.0,287349.0,130092970.0,0.0022087972931956208,0.18038712622197772
2015-08-01,WY,106396718.0,23901743.0,161679.0,130460140.0,0.0012392980721918287,0.18321107887805177
2015-09-01,WY,104689195.0,22498451.0,136281.0,127323927.0,0.0010703487020149243,0.17670245907497284
2015-10-01,WY,107936511.0,22720220.0,166163.0,130822894.0,0.0012701370143965243,0.1736715899281561
2015-11-01,WY,104573734.0,22174473.0,165865.0,126914072.0,0.001306907873855543,0.17472036513005845
2015-12-01,WY,106593321.0,22704090.0,200025.0,129497436.0,0.0015446251769791453,0.17532462959330306
2016-01-01,WY,104908258.0,22954546.0,117900.0,127980704.0,0.0009212326258176222,0.1793594290587905
2016-02-01,WY,97209922.0,21382803.0,98319.0,118691044.0,0.0008283607312436915,0.1801551513859966
2016-03-01,WY,104776437.0,23102486.0,94202.0,127973125.0,0.0007361076788577789,0.1805260752988719
2016-04-01,WY,98959330.0,22275828.0,74528.0,121309686.0,0.0006143614945960586,0.1836277772574701
2016-05-01,WY,97184028.0,22660409.0,99410.0,119943847.0,0.0008288044988244967,0.1889251476149594
2016-06-01,WY,96799137.0,22345492.0,73549.0,119218178.0,0.0006169277306011027,0.18743359758426484
2016-07-01,WY,87671864.0,21655570.0,158478.0,109485912.0,0.0014474738996543707,0.1977932101436048
2016-08-01,WY,90653034.0,21040258.0,92214.0,111785506.0,0.0008249191089220234,0.18821991108562122
2016-09-01,WY,98683721.0,20117767.0,113119.0,118914607.0,0.0009512624466723829,0.1691782658793388
2016-10-01,WY,104290019.0,20850230.0,89815.0,125230064.0,0.0007171999848209635,0.1664954032123097
2016-11-01,WY,99170338.0,19971141.0,90361.0,119231840.0,0.0007578596455437089,0.1674983880143362
2016-12-01,WY,100734048.0,19940751.0,85533.0,120760332.0,0.0007082872213363008,0.16512666593185157
2017-01-01,WY,96866580.0,20249263.0,91895.0,117207738.0,0.0007840352656573032,0.17276387502660212
2017-02-01,WY,88669236.0,18596744.0,74226.0,107340206.0,0.000691502306227462,0.1732504966497146
2017-03-01,WY,98562928.0,20839330.0,89123.0,119491381.0,0.0007458529582139938,0.17440027745584896
2017-04-01,WY,94869254.0,20420714.0,85929.0,115375897.0,0.0007447742746470306,0.17699289479831565
2017-05-01,WY,93372165.0,21057755.0,90732.0,114520652.0,0.0007922763136200165,0.18387735864428725
2017-06-01,WY,95162263.0,20513160.0,92705.0,115768128.0,0.0008007817142894452,0.17719177423325252
2017-07-01,WY,97277304.0,20233145.0,128506.0,117638955.0,0.0010923762456058095,0.17199357984761765
2017-08-01,WY,98839152.0,20346973.0,166810.0,119352935.0,0.001397619589328576,0.17047735776236211
2017-09-01,WY,96631490.0,19766539.0,142616.0,116540645.0,0.0012237447287156992,0.16961068818507946
2017-10-01,WY,99461604.0,20329546.0,147707.0,119938857.0,0.0012315191564638377,0.16949924743724254
2017-11-01,WY,98355150.0,20518064.0,344491.0,119217705.0,0.002889595970663175,0.17210584619107364
2017-12-01,WY,103477723.0,20652080.0,307132.0,124436935.0,0.00246817393886914,0.16596422918953607
2018-01-01,WY,103013660.0,20786824.0,167827.0,123968311.0,0.0013537895180314639,0.16767852874903838
2018-02-01,WY,92224976.0,19074235.0,130633.0,111429844.0,0.0011723340472403674,0.1711770771211246
2018-03-01,WY,102434435.0,21213321.0,247050.0,123894806.0,0.0019940303227869017,0.17122042226679687
2018-04-01,WY,98447494.0,20405905.0,127933.0,118981332.0,0.0010752359033927479,0.17150509795925675
2018-05-01,WY,100042528.0,20804807.0,226208.0,121073543.0,0.0018683520312923621,0.1718361128655731
2018-06-01,WY,93349143.0,20251784.0,141427.0,113742354.0,0.001243397863911588,0.17804962960395734
2018-07-01,WY,95886610.0,22172572.0,182535.0,118241717.0,0.0015437444975519563,0.1875190293454657
2018-08-01,WY,94308068.0,21320951.0,326427.0,115955446.0,0.0028151071058768423,0.18387192439397468
2018-09-01,WY,93204233.0,20783569.0,303223.0,114291025.0,0.0026530779647810027,0.1818477785108832
2018-10-01,WY,98337869.0,21417987.0,288797.0,120044653.0,0.0024057464683558995,0.17841683460888638
2018-11-01,WY,93202525.0,21538506.0,347613.0,115088644.0,0.0030203935672375977,0.1871471002819469
2018-12-01,WY,95551531.0,21539097.0,258702.0,117349330.0,0.002204546033622685,0.18354682553348745
2019-01-01,WY,89578985.0,19570604.0,179606.0,109329195.0,0.0016427999858577183,0.17900620232301262
2019-02-01,WY,81490315.0,17381484.0,259946.0,99131745.0,0.0026222276224405995,0.17533721412835482
2019-03-01,WY,88997747.0,20306359.0,269024.0,109573130.0,0.0024552004674846333,0.18532243260716807
2019-04-01,WY,85652899.0,20255022.0,277321.0,106185242.0,0.0026116717801494375,0.19075176190662094
2019-05-01,WY,88733429.0,20719619.0,301733.0,109754781.0,0.002749155865927381,0.18878101537992337
2019-06-01,WY,86038156.0,20111248.0,473800.0,106623204.0,0.0044436856352539885,0.18861980549732063
2019-07-01,WY,73947111.0,21337753.0,466809.0,95751673.0,0.004875204634800611,0.22284470162706937
2019-08-01,WY,79635178.0,22701486.0,427795.0,102764459.0,0.0041628691880680625,0.22090795028637195
2019-09-01,WY,87041833.0,20190049.0,384856.0,107616738.0,0.003576172323673687,0.18761067632417217
2019-10-01,WY,89536230.0,20828647.0,472504.0,110837381.0,0.004263038297517817,0.18792077918172037
2019-11-01,WY,85088654.0,21439233.0,396337.0,106924224.0,0.0037067091550706914,0.2005086611615713
2019-12-01,WY,88263977.0,22395241.0,430221.0,111089439.0,0.003872744374914097,0.20159649019363435
2020-01-01,WY,87526067.0,21662047.0,342143.0,109530257.0,0.003123730459243674,0.19777226488184194
2020-02-01,WY,79470699.0,18777363.0,289271.0,98537333.0,0.002935648765729294,0.19056090141977908
2020-03-01,WY,85706265.0,19947185.0,264023.0,105917473.0,0.0024927237453989362,0.1883276142736257
2020-04-01,WY,82076509.0,17701284.0,253343.0,100031136.0,0.0025326414367597178,0.1769577424371378
2020-05-01,WY,80510229.0,17494993.0,361349.0,98366571.0,0.0036734939149157962,0.17785506622958538
2020-06-01,WY,77066553.0,16875816.0,204744.0,94147113.0,0.0021747241468762033,0.17924942637361674
2020-07-01,WY,79708032.0,17825681.0,190701.0,97724414.0,0.001951416152772273,0.18240765301474982
2020-08-01,WY,77809630.0,19081145.0,199596.0,97090371.0,0.0020557754383263654,0.19652973619783928
2020-09-01,WY,76024975.0,17057616.0,171884.0,93254475.0,0.0018431716011463866,0.18291471803344245
2020-10-01,WY,75956242.0,17178353.0,156319.0,93290914.0,0.0016756079804281093,0.18413747130810174
2020-11-01,WY,75873602.0,18153432.0,159496.0,94186530.0,0.0016934056281702984,0.19273915282769974
2020-12-01,WY,76564443.0,19865485.0,141401.0,96571329.0,0.0014642130481589788,0.20570789700926068
2021-01-01,WY,77824151.0,19043235.0,145824.0,97013210.0,0.0015031355008235444,0.1962952777253775
2021-02-01,WY,71813179.0,16490462.0,132768.0,88436409.0,0.0015012821246490218,0.1864668883149852
2021-03-01,WY,78388824.0,16408117.0,118754.0,94915695.0,0.0012511524042454188,0.1728704299113304
2021-04-01,WY,75248420.0,15813558.0,145253.0,91207231.0,0.001592560133744667,0.17338052944489304
2021-05-01,WY,77842962.0,15584724.0,117841.0,93545527.0,0.0012597181690993523,0.16660041906635834
2021-06-01,WY,71662308.0,15243337.0,127757.0,87033402.0,0.0014679076890485472,0.17514352707920675
2021-07-01,WY,76290481.0,16646517.0,127102.0,93064100.0,0.0013657468347070827,0.17887151973727908
2021-08-01,WY,73896572.0,17884777.0,99808.0,91881157.0,0.0010862727816965928,0.19465119491236418
2021-09-01,WY,74603892.0,15787142.0,92821.0,90483855.0,0.001025829414539173,0.17447468390888687
2021-10-01,WY,75268660.0,15977818.0,107090.0,91353568.0,0.0011722585372897834,0.17490086429883625
2021-11-01,WY,72275599.0,16270932.0,919439.0,89465970.0,0.010276968997250824,0.1818672731093377
2021-12-01,WY,72670815.0,18624263.0,1468177.0,92763255.0,0.015827139744055092,0.2007719867093918
2022-01-01,WY,73397491.0,17174309.0,104990.0,90676790.0,0.0011578486622638958,0.1894013782356109
2022-02-01,WY,65678822.0,15128428.0,139642.0,80946892.0,0.0017251063820934284,0.18689325341831914
2022-03-01,WY,72069773.0,16429480.0,174647.0,88673900.0,0.001969542334326144,0.18527977228904416
2022-04-01,WY,69058079.0,16046515.0,113451.0,85218045.0,0.0013313025427873506,0.18829949689624034
2022-05-01,WY,68952092.0,16446739.0,177766.0,85576597.0,0.0020772735330874662,0.19218734533205126
2022-06-01,WY,67235287.0,15518616.0,142398.0,82896301.0,0.0017177847296205439,0.1872051685392003
2022-07-01,WY,72273488.0,17491390.0,146397.0,89911275.0,0.0016282385051244927,0.19454056234861028
2022-08-01,WY,68198996.0,16870880.0,160422.0,85230298.0,0.0018822179877842475,0.19794463231819517
2022-09-01,WY,68631548.0,16305558.0,195674.0,85132780.0,0.0022984565992062063,0.1915309003180778
2022-10-01,WY,73556726.0,16437346.0,184242.0,90178314.0,0.002043085436259051,0.18227604033472805
2022-11-01,WY,70498889.0,16738005.0,167561.0,87404455.0,0.0019170761947981745,0.19150059341918957
2022-12-01,WY,69382549.0,17789550.0,164868.0,87336967.0,0.0018877229844701526,0.20368866255659682
2023-01-01,WY,70496377.0,15747360.0,140446.0,86384183.0,0.0016258300434448447,0.18229448323869393
2023-02-01,WY,62481391.0,13193321.0,144786.0,75819498.0,0.0019096143316566015,0.17400960634140045
2023-03-01,WY,70423033.0,14978423.0,207237.0,85608693.0,0.0024207471547282927,0.17496380887373789
2023-04-01,WY,67901059.0,14136320.0,136593.0,82173972.0,0.0016622416645484018,0.17202916758098047
2023-05-01,WY,71103549.0,17694783.0,310278.0,89108610.0,0.003482020424285058,0.1985754575229054
2023-06-01,WY,68471825.0,17128503.0,164847.0,85765175.0,0.0019220738487364807,0.1997139631555585
2023-07-01,WY,56292189.0,16023381.0,210906.0,72526476.0,0.002907986319364382,0.2209314705981014
2023-08-01,WY,65148516.0,17022206.0,229023.0,82399745.0,0.002779413941144139,0.20658080920006902
2023-09-01,WY,63108804.0,18058345.0,188656.0,81355805.0,0.0023189002923610443,0.22196750434683551
2023-10-01,WY,71067125.0,16013639.0,216623.0,87297387.0,0.002481437388266293,0.18343778147657105
2023-11-01,WY,69671158.0,16532342.0,233743.0,86437243.0,0.002704193145074393,0.19126410591301338
2023-12-01,WY,72226570.0,18152123.0,218874.0,90597567.0,0.00241589269168518,0.2003599390255145
2024-01-01,WY,71220705.0,16410060.0,261428.0,87892193.0,0.002974416624235358,0.18670668508614102
2024-02-01,WY,66926130.0,15958909.0,438510.0,83323549.0,0.005262737908577006,0.1915293958491956
2024-03-01,WY,68243546.0,17144482.0,448289.0,85836317.0,0.005222602922251169,0.19973459485662726
2024-04-01,WY,66528857.0,15960889.0,450365.0,82940111.0,0.005430002378456631,0.19243872244131377
2024-05-01,WY,67784036.0,16471191.0,368328.0,84623555.0,0.004352546994741177,0.19464073566728005
2024-06-01,WY,66254403.0,15809150.0,583305.0,82646858.0,0.0070578000678415895,0.19128555377121378
2024-07-01,WY,67947304.0,16344327.0,317906.0,84609537.0,0.003757330571370746,0.19317357805634466
2024-08-01,WY,66296856.0,16262465.0,238965.0,82798286.0,0.00288611046851515,0.19641064792066298
2024-09-01,WY,61241342.0,16400723.0,252328.0,77894393.0,0.003239360245090761,0.21055075170787896
2024-10-01,WY,54843661.0,16864795.0,270763.0,71979219.0,0.0037616829379549647,0.2343008889826461
2024-11-01,WY,62925334.0,16319972.0,298963.0,79544269.0,0.003758448015904504,0.20516842011558975
2024-12-01,WY,66088981.0,17040124.0,291904.0,83421009.0,0.0034991664989289456,0.2042665774994351
2025-01-01,WY,61476904.0,16469348.0,309215.0,78255467.0,0.003951353328446751,0.2104561972645177
2025-02-01,WY,56284633.0,15045882.0,211669.0,71542184.0,0.0029586600263657612,0.21030783740092376
2025-03-01,WY,65150181.0,14125310.0,256945.0,79532436.0,0.0032306944552745365,0.17760439275344514
2025-04-01,WY,63560912.0,13338705.0,242375.0,77141992.0,0.003141933384345141,0.17291107805438455
2025-05-01,WY,65122176.0,13043150.0,298127.0,78463453.0,0.003799565130018176,0.1662321692620815
